latitude,longitude,freeboard,segment_length,Thickness (m)
-71.43178921,-39.98143856,0.21,115.27641,0.83
-71.43187991,-39.98147548,0.21,68.57566,0.83
-71.43200399,-39.98152646,0.23,50.169167,0.9
-71.43218466,-39.98160112,0.24,46.647312,0.94
-71.43243648,-39.98170502,0.29,77.819046,1.12
-71.45284508,-39.99000992,0.65,130.63538,2.42
-71.45301064,-39.99007575,0.67,68.76721,2.49
-71.45314091,-39.99012798,0.66,49.516056,2.46
-71.45341646,-39.99024078,0.38,118.53712,1.44
-71.45642077,-39.99147277,0.33,92.45594,1.26
-71.45649655,-39.99150277,0.31,50.68663,1.19
-71.45664385,-39.99156136,0.27,40.044666,1.04
-71.45679643,-39.99162229,0.28,32.978096,1.08
-71.45692842,-39.99167557,0.36,33.58572,1.37
-71.45711826,-39.99175341,0.49,57.235764,1.84
-71.48946586,-40.00496902,0.3,125.9836,1.15
-71.48985015,-40.00512909,0.27,107.94622,1.04
-71.49032221,-40.00532599,0.29,99.94089,1.12
-71.49261923,-40.00625858,0.31,125.602356,1.19
-71.49294598,-40.00639333,0.36,92.78956,1.37
-71.4933341,-40.00655549,0.33,79.86115,1.26
-71.49360755,-40.00667064,0.23,62.475258,0.9
-71.4937934,-40.00674907,0.23,48.375957,0.9
-71.49399395,-40.0068332,0.23,46.9563,0.9
-71.49419944,-40.00691858,0.25,47.62551,0.97
-71.49444649,-40.00701951,0.37,69.41196,1.41
-71.49487993,-40.00719229,0.28,73.339745,1.08
-71.4950674,-40.00726554,0.16,47.183105,0.65
-71.49524966,-40.00733645,0.16,53.601635,0.65
-71.49558935,-40.0074692,0.22,65.7975,0.86
-71.49582134,-40.00756066,0.34,48.32209,1.3
-71.49596741,-40.0076191,0.43,37.110806,1.62
-71.49608472,-40.00766672,0.47,29.356838,1.77
-71.49621033,-40.00771806,0.36,27.229158,1.37
-71.49631333,-40.00776036,0.29,25.080328,1.12
-71.49642802,-40.0078077,0.28,30.091032,1.08
-71.49661284,-40.00788429,0.35,37.912918,1.33
-71.49675708,-40.00794423,0.39,29.996706,1.48
-71.4968581,-40.00798628,0.4,24.243095,1.52
-71.49694595,-40.00802286,0.41,21.368929,1.55
-71.49703699,-40.0080609,0.38,19.931128,1.44
-71.49712254,-40.00809658,0.34,19.146967,1.3
-71.49719966,-40.0081285,0.34,19.046946,1.3
-71.49727876,-40.00816112,0.35,18.317604,1.33
-71.49735581,-40.00819288,0.35,17.586956,1.33
-71.49743249,-40.0082245,0.35,18.266369,1.33
-71.49751504,-40.00825854,0.32,18.244383,1.23
-71.4975981,-40.0082928,0.24,20.325802,0.94
-71.49769724,-40.00833372,0.24,20.312832,0.94
-71.49777946,-40.00836769,0.27,22.393448,1.04
-71.49791236,-40.00842267,0.3,28.673351,1.15
-71.49805626,-40.00848228,0.26,33.56891,1.01
-71.49822533,-40.0085524,0.23,34.974937,0.9
-71.49837329,-40.00861398,0.33,32.22409,1.26
-71.4984965,-40.0086656,0.37,29.49187,1.41
-71.4986131,-40.00871466,0.39,26.005465,1.48
-71.49870788,-40.00875453,0.37,25.328545,1.41
-71.4988342,-40.00880756,0.34,25.351078,1.3
-71.49894179,-40.00885258,0.31,27.491177,1.19
-71.4990877,-40.0089134,0.25,31.050056,0.97
-71.49922266,-40.00896937,0.23,30.376432,0.9
-71.499365,-40.00902805,0.21,31.811043,0.83
-71.49949389,-40.00908096,0.18,30.420202,0.72
-71.49960721,-40.00912715,0.18,25.481464,0.72
-71.49971035,-40.00916874,0.18,24.072323,0.72
-71.49980205,-40.00920532,0.2,21.244799,0.79
-71.49989744,-40.00924326,0.21,20.539993,0.83
-71.49998152,-40.00927664,0.21,20.542137,0.83
-71.50006671,-40.0093104,0.21,19.836878,0.83
-71.50015634,-40.00934592,0.22,21.255138,0.86
-71.5002555,-40.00938523,0.22,20.543205,0.86
-71.50033405,-40.00941639,0.22,18.416573,0.86
-71.5004154,-40.00944874,0.22,20.538435,0.86
-71.50052417,-40.00949209,0.23,21.951632,0.9
-71.50060084,-40.00952272,0.24,18.411488,0.94
-71.50067229,-40.00955137,0.22,16.988157,0.86
-71.50074833,-40.00958195,0.21,16.990843,0.83
-71.50082074,-40.00961107,0.22,16.281752,0.86
-71.50088926,-40.00963881,0.23,17.686861,0.9
-71.50097089,-40.00967224,0.26,17.670965,1.01
-71.50104548,-40.00970298,0.27,18.38012,1.04
-71.50114494,-40.00974413,0.3,21.90844,1.15
-71.50123972,-40.00978349,0.31,21.198257,1.19
-71.5013243,-40.00981873,0.35,19.080307,1.33
-71.50139973,-40.00985025,0.42,17.663586,1.59
-71.50147069,-40.00987996,0.44,19.076797,1.66
-71.50158025,-40.00992593,0.36,24.024538,1.37
-71.50169165,-40.00997273,0.32,24.02583,1.23
-71.50178474,-40.01001189,0.3,21.909887,1.15
-71.50188191,-40.0100528,0.27,20.504168,1.04
-71.50195311,-40.01008277,0.27,19.088396,1.04
-71.50204716,-40.01012238,0.28,24.040968,1.08
-71.50218947,-40.01018212,0.29,27.597143,1.12
-71.50229569,-40.01022652,0.27,24.079464,1.04
-71.5023803,-40.01026183,0.25,19.832071,0.97
-71.50245168,-40.01029157,0.25,19.12522,0.97
-71.50255141,-40.01033303,0.29,21.959845,1.12
-71.50264496,-40.01037185,0.3,21.95954,1.15
-71.50275007,-40.01041539,0.25,23.374273,0.97
-71.50284741,-40.01045561,0.22,22.66336,0.86
-71.50293774,-40.01049287,0.23,20.537195,0.9
-71.5030382,-40.01053425,0.24,21.950052,0.94
-71.50313099,-40.01057238,0.23,24.776937,0.9
-71.50325403,-40.01062285,0.2,24.785172,0.79
-71.50334578,-40.01066042,0.22,22.646017,0.86
-71.50344054,-40.01069916,0.24,22.626345,0.94
-71.50354593,-40.01074215,0.23,24.726776,0.9
-71.50367842,-40.01079615,0.23,30.372198,0.9
-71.50383169,-40.01085851,0.24,33.200607,0.94
-71.50395633,-40.01090918,0.22,28.2592,0.86
-71.50406761,-40.01095438,0.23,26.853384,0.9
-71.50419475,-40.01100602,0.24,26.157679,0.94
-71.50429622,-40.01104721,0.22,25.458054,0.86
-71.50441827,-40.01109675,0.22,26.886988,0.86
-71.50453456,-40.01114394,0.21,24.056343,0.83
-71.50461662,-40.01117724,0.2,20.532995,0.79
-71.50469308,-40.01120829,0.2,19.855991,0.79
-71.50479144,-40.0112483,0.2,20.571259,0.79
-71.50488181,-40.01128507,0.21,20.572115,0.83
-71.50496637,-40.01131947,0.22,23.410816,0.86
-71.50509438,-40.01137154,0.22,25.540964,0.86
-71.50519158,-40.01141108,0.22,21.98813,0.86
-71.50528003,-40.01144704,0.24,21.274725,0.94
-71.50536669,-40.01148226,0.26,19.853205,1.01
-71.50545649,-40.01151875,0.25,21.263292,0.97
-71.50556278,-40.01156193,0.22,22.663673,0.86
-71.50566007,-40.0116014,0.22,25.479134,0.86
-71.50579801,-40.01165736,0.22,27.582905,0.86
-71.50590853,-40.01170216,0.24,26.139832,0.94
-71.50601794,-40.01174642,0.24,23.994883,0.94
-71.50611998,-40.01178764,0.27,23.270695,1.04
-71.50622341,-40.01182941,0.3,23.955536,1.15
-71.50632706,-40.01187124,0.3,23.938362,1.15
-71.50643267,-40.01191385,0.28,21.812315,1.08
-71.50651208,-40.0119459,0.3,19.689034,1.15
-71.50659749,-40.01198036,0.34,20.381996,1.3
-71.50669896,-40.0120213,0.33,21.079899,1.26
-71.50678058,-40.01205423,0.24,18.958761,0.94
-71.50684712,-40.01208107,0.21,17.548603,0.83
-71.50692533,-40.01211266,0.2,17.548088,0.79
-71.50700438,-40.0121446,0.29,18.952412,1.12
-71.50708166,-40.01217583,0.34,17.55909,1.3
-71.50715893,-40.01220707,0.63,18.247644,2.35
-71.5072382,-40.01223914,0.64,17.523159,2.38
-71.50730958,-40.01226805,0.62,16.824749,2.31
-71.50737453,-40.01229434,0.53,14.025308,1.99
-71.5074333,-40.01231814,0.37,14.032199,1.41
-71.50749729,-40.01234407,0.28,14.039221,1.08
-71.5075527,-40.01236652,0.25,13.336091,0.97
-71.50761127,-40.01239028,0.25,14.047552,0.97
-71.50767811,-40.0124174,0.23,15.463299,0.9
-71.50775514,-40.0124487,0.26,16.173817,1.01
-71.50782475,-40.01247697,0.24,16.19133,0.94
-71.50788674,-40.01250214,0.2,14.7920265,0.79
-71.5079539,-40.01252944,0.17,15.508678,0.68
-71.50802133,-40.01255686,0.17,15.526367,0.68
-71.5080878,-40.0125839,0.16,14.123505,0.65
-71.50814939,-40.01260896,0.19,14.84178,0.75
-71.50821154,-40.01263428,0.24,14.861007,0.94
-71.50827982,-40.0126621,0.3,15.576157,1.15
-71.50834313,-40.0126879,0.3,14.152761,1.15
-71.50839497,-40.01270902,0.25,12.047474,0.97
-71.50844735,-40.01273036,0.22,12.803294,0.86
-71.50850263,-40.01275292,0.22,12.81426,0.86
-71.50856366,-40.01277785,0.3,12.824014,1.15
-71.50861588,-40.01279918,0.42,12.116662,1.59
-71.50866787,-40.01282041,0.55,12.831234,2.06
-71.50873346,-40.01284719,0.51,14.261205,1.91
-71.50880055,-40.01287458,0.45,14.269274,1.7
-71.50885644,-40.01289743,0.54,13.557659,2.02
-71.50891132,-40.01291987,0.53,13.559152,1.99
-71.50897529,-40.01294601,0.48,14.990619,1.81
-71.50903846,-40.01297184,0.4,13.563946,1.52
-71.50908946,-40.01299272,0.49,13.556396,1.84
-71.50915395,-40.0130191,0.51,14.266539,1.91
-71.50921233,-40.01304297,0.4,13.5517235,1.52
-71.5092639,-40.01306407,0.35,12.834641,1.33
-71.50931922,-40.01308672,0.33,12.116314,1.26
-71.5093718,-40.01310827,0.35,12.118135,1.33
-71.50942676,-40.01313079,0.32,13.53823,1.23
-71.50948852,-40.01315613,0.37,14.944802,1.41
-71.5095542,-40.01318309,0.65,14.2269125,2.42
-71.50960974,-40.01320591,0.89,12.816922,3.29
-71.50965879,-40.01322606,0.96,12.089801,3.54
-71.50984788,-40.01330352,0.18,13.442102,0.72
-71.50989543,-40.01332304,0.29,12.731539,1.12
-71.50995038,-40.0133456,0.19,12.019839,0.75
-71.51000001,-40.013366,0.52,11.305516,1.95
-71.51004418,-40.01338416,0.21,10.595047,0.83
-71.51009006,-40.01340304,0.19,12.000206,0.75
-71.51014977,-40.01342762,0.23,13.408438,0.9
-71.51021321,-40.01345375,0.25,14.106141,0.97
-71.51026589,-40.01347549,0.25,12.695514,0.97
-71.51032137,-40.01349841,0.3,13.400139,1.15
-71.51038624,-40.01352525,0.43,14.803263,1.62
-71.5104562,-40.01355423,0.54,15.50113,2.02
-71.51051734,-40.01357955,0.44,13.388341,1.66
-71.51057186,-40.01360214,0.37,14.0905,1.41
-71.51064307,-40.01363171,0.32,14.09363,1.23
-71.51069225,-40.01365215,0.29,11.978123,1.12
-71.51073492,-40.01366991,0.32,11.273738,1.23
-71.51079131,-40.01369339,0.38,12.688206,1.44
-71.51085478,-40.01371982,0.46,13.381014,1.73
-71.51091052,-40.01374302,0.34,14.090906,1.3
-71.51097569,-40.01377023,0.23,13.409185,0.9
-71.51102734,-40.01379185,0.15,12.701234,0.61
-71.51107325,-40.0138111,0.12,10.586427,0.5
-71.51111314,-40.01382782,0.12,9.882095,0.5
-71.5111564,-40.01384596,0.12,9.883811,0.5
-71.51119613,-40.01386261,0.06,9.18373,0.28
-71.51123402,-40.01387851,0.05,8.476889,0.25
-71.51127247,-40.01389463,0.02,9.180775,0.14
-71.5113216,-40.01391523,0,9.180784,0.07
-71.5113444,-40.01392479,0.02,7.066004,0.14
-71.51138063,-40.01393999,0.11,8.487119,0.46
-71.51147595,-40.01397997,0.48,11.313156,1.81
-71.51152818,-40.01400189,0.74,12.729658,2.75
-71.51159879,-40.01403149,1,14.141641,3.69
-71.51165597,-40.01405541,1.14,14.140778,4.2
-71.51172277,-40.0140833,1.16,14.14818,4.27
-71.51183702,-40.01413084,0.38,13.444939,1.44
-71.5118922,-40.01415373,0.22,12.730719,0.86
-71.51194403,-40.01417525,0.25,12.740793,0.97
-71.51201047,-40.01420279,0.22,14.153874,0.86
-71.51207374,-40.01422898,0.19,14.146423,0.75
-71.51213732,-40.01425523,0.26,14.143533,1.01
-71.5121975,-40.01428004,0.35,14.152034,1.33
-71.51226474,-40.01430773,0.48,14.865307,1.81
-71.51232439,-40.01433223,0.51,13.453027,1.91
-71.51237788,-40.01435415,0.39,12.740017,1.48
-71.51243279,-40.0143766,0.3,13.452066,1.15
-71.51249516,-40.01440204,0.25,14.147465,0.97
-71.51256125,-40.01442895,0.29,15.560178,1.12
-71.51263844,-40.01446028,0.29,15.553847,1.12
-71.51269664,-40.01448385,0.25,14.133476,0.97
-71.51275925,-40.01450913,0.19,14.836183,0.75
-71.51282767,-40.01453669,0.18,14.835326,0.72
-71.51287975,-40.01455764,0.17,12.7175455,0.68
-71.51292874,-40.01457731,0.12,10.590354,0.5
-71.51296343,-40.01459121,0.07,8.470743,0.32
-71.51299042,-40.01460201,0.01,7.055381,0.1
-71.51302165,-40.01461449,0.03,7.0530834,0.18
-71.51305041,-40.01462598,0.02,6.3468957,0.14
-71.5130754,-40.01463596,0.01,6.345785,0.1
-71.51310101,-40.01464618,0.01,7.053317,0.1
-71.51313617,-40.01466019,0.01,7.0493445,0.1
-71.51316195,-40.01467046,0.02,6.344145,0.14
-71.51318946,-40.01468141,0.02,7.0457153,0.14
-71.51322467,-40.01469541,0.03,7.0446196,0.18
-71.51324992,-40.01470544,0.02,6.340396,0.14
-71.51327635,-40.01471594,0.04,7.0424595,0.21
-71.5133104,-40.01472946,0.04,7.7482285,0.21
-71.51334602,-40.01474359,0.08,9.153602,0.36
-71.51339669,-40.01476379,0.11,12.677805,0.46
-71.51347062,-40.01479309,0.19,14.74633,0.75
-71.51353667,-40.01481903,0.2,15.4463625,0.79
-71.51360192,-40.01484466,0.19,15.447283,0.75
-71.51367509,-40.0148734,0.2,15.4410715,0.79
-71.51373911,-40.01489857,0.2,14.74302,0.79
-71.51379585,-40.01492092,0.18,14.040826,0.72
-71.51385849,-40.01494564,0.18,14.043591,0.72
-71.5139258,-40.01497226,0.37,14.747822,1.41
-71.51398769,-40.01499679,0.5,14.053274,1.88
-71.51404499,-40.01501954,0.5,12.660587,1.88
-71.51409542,-40.01503961,0.4,12.655425,1.52
-71.51415589,-40.01506375,0.24,14.072456,0.94
-71.51422674,-40.01509214,0.21,15.483623,0.83
-71.51429393,-40.0151192,0.23,13.380968,0.9
-71.51433818,-40.01513709,0.45,13.39359,1.7
-71.51440172,-40.01516287,0.6,14.106603,2.24
-71.51446278,-40.01518773,0.66,13.407047,2.46
-71.51451867,-40.01521056,0.74,13.419189,2.75
-71.51457485,-40.01523359,0.73,13.42974,2.71
-71.51462988,-40.01525612,0.7,13.427921,2.6
-71.51469044,-40.01528109,0.64,14.158699,2.38
-71.51476163,-40.01531081,0.55,14.903922,2.06
-71.514818,-40.01533449,0.5,13.490765,1.88
-71.5148614,-40.01535279,0.6,12.082278,2.24
-71.51492666,-40.01538041,0.64,14.219372,2.38
-71.51498463,-40.01540501,0.67,12.808493,2.49
-71.51503609,-40.0154269,0.85,12.111283,3.15
-71.51508798,-40.01544902,0.89,12.821454,3.29
-71.51515098,-40.0154759,0.94,13.540477,3.47
-71.51524966,-40.01551802,0.3,10.7027855,1.15
-71.5152829,-40.0155322,0.2,8.560887,0.79
-71.51531233,-40.01554478,0.1,7.1359973,0.43
-71.51534544,-40.01555894,0.01,7.849338,0.1
-71.51537791,-40.01557285,0.03,7.8500843,0.18
-71.51540847,-40.01558594,0.01,7.136285,0.1
-71.51543451,-40.01559709,0.01,6.4243402,0.1
-71.51546003,-40.01560803,0.02,6.42901,0.14
-71.51548561,-40.01561899,0.02,6.4326043,0.14
-71.51550707,-40.01562818,0.01,5.712522,0.1
-71.51553607,-40.01564061,0.02,6.4250746,0.14
-71.51556195,-40.01565169,0.02,7.139209,0.14
-71.51559722,-40.01566679,0.02,7.1421304,0.14
-71.51562614,-40.01567916,0.02,7.1405234,0.14
-71.51566636,-40.01569636,0.02,8.567753,0.14
-71.51570628,-40.01571342,0.02,7.8531547,0.14
-71.51572698,-40.01572226,0.02,7.1405573,0.14
-71.51576026,-40.01573646,0.02,7.141783,0.14
-71.51579404,-40.01575086,0.02,7.141743,0.14
-71.51582121,-40.01576244,0.05,6.4259453,0.25
-71.51584852,-40.01577406,0.05,7.8509855,0.25
-71.51591867,-40.01580395,0.01,7.137973,0.1
-71.51594717,-40.01581608,0.01,7.8511567,0.1
-71.51597725,-40.01582879,0.01,7.1338673,0.1
-71.5160077,-40.01584162,0.01,7.131974,0.1
-71.51604445,-40.01585709,0.01,8.556211,0.1
-71.51608284,-40.01587322,0.02,7.8432846,0.14
-71.51613815,-40.01589642,0.01,6.4149456,0.1
-71.51616675,-40.01590839,0,7.839127,0.07
-71.51620498,-40.01592437,0.01,7.836073,0.1
-71.51622368,-40.01593218,0,5.698527,0.07
-71.51625183,-40.01594392,0.01,6.412614,0.1
-71.51627812,-40.01595488,0.02,7.120433,0.14
-71.51631342,-40.01596956,0.06,7.8318853,0.28
-71.5163528,-40.01598591,0.02,8.541554,0.14
-71.51638493,-40.01599923,0.03,7.8245573,0.18
-71.51641452,-40.01601148,0.02,7.824963,0.14
-71.51644806,-40.01602535,0.01,7.109743,0.1
-71.51647445,-40.01603624,0.01,7.821771,0.1
-71.51652136,-40.01605558,0,9.949351,0.07
-71.51655517,-40.01606949,0.01,7.812688,0.1
-71.51659464,-40.01608571,0.01,7.1006236,0.1
-71.51662377,-40.01609765,0.05,8.517825,0.25
-71.51669443,-40.01612658,0.05,6.3868523,0.25
-71.51671615,-40.01613546,0.01,5.6739874,0.1
-71.51674992,-40.01614924,0.01,8.507097,0.1
-71.51679498,-40.0161676,0.05,7.0888414,0.25
-71.51682099,-40.01617819,0.01,7.800501,0.1
-71.5168902,-40.01620632,0.04,6.376645,0.21
-71.51691069,-40.01621463,0.04,5.666923,0.21
-71.51700437,-40.01625254,0.04,9.200959,0.21
-71.51705154,-40.0162716,0.12,11.313608,0.5
-71.51711277,-40.0162963,0.18,13.428682,0.72
-71.51717073,-40.01631972,0.18,12.724445,0.72
-71.51722769,-40.01634266,0.18,13.412883,0.72
-71.51729196,-40.01636841,0.13,14.096436,0.54
-71.51734602,-40.01639003,0.12,11.978698,0.5
-71.51738587,-40.01640598,0.1,10.569336,0.43
-71.51742825,-40.01642293,0.09,9.862602,0.39
-71.51746841,-40.016439,0.55,9.859665,2.06
-71.51756128,-40.01647617,0.46,10.560484,1.73
-71.5176028,-40.01649278,0.54,10.565083,2.02
-71.51764952,-40.01651148,0.56,11.259348,2.1
-71.51770487,-40.01653367,0.62,12.671214,2.31
-71.51777134,-40.01656034,0.74,15.473763,2.75
-71.51784769,-40.016591,0.7,15.475887,2.6
-71.5179062,-40.01661452,0.53,14.069423,1.99
-71.51797368,-40.01664169,0.38,14.776008,1.44
-71.51803791,-40.01666762,0.36,14.778367,1.37
-71.51809879,-40.01669226,0.34,14.784229,1.3
-71.51815815,-40.01671634,0.28,13.376086,1.08
-71.51820578,-40.01673571,0.27,11.96961,1.04
-71.51825551,-40.01675597,0.28,12.678407,1.08
-71.51831342,-40.01677961,0.2,11.978317,0.79
-71.51835944,-40.01679843,0.12,11.977837,0.5
-71.51841086,-40.01681941,0.04,10.555267,0.21
-71.51844258,-40.01683236,0.02,8.451386,0.14
-71.51847584,-40.01684601,0.07,8.476875,0.32
-71.51851884,-40.01686385,0.1,9.890093,0.43
-71.51857042,-40.01688528,0.08,11.304652,0.36
-71.51862342,-40.01690734,0.18,12.015867,0.72
-71.5186775,-40.01692988,0.21,12.018879,0.83
-71.51872227,-40.01694856,0.18,11.31155,0.72
-71.51877121,-40.01696902,0.17,12.026249,0.68
-71.51882843,-40.01699297,0.18,12.73279,0.72
-71.51888653,-40.0170173,0.17,12.736829,0.68
-71.51893755,-40.0170387,0.1,10.618262,0.43
-71.51896962,-40.01705215,0.04,8.493187,0.21
-71.51900095,-40.01706529,0.04,7.78333,0.21
-71.51903422,-40.01707926,0.02,7.7831364,0.14
-71.51909177,-40.01710343,0.36,7.785077,1.37
-71.51919439,-40.01714652,0.3,13.442386,1.15
-71.51925505,-40.01717196,0.28,13.442198,1.08
-71.51930534,-40.01719303,0.2,12.732518,0.79
-71.5193627,-40.01721707,0.13,13.438605,0.54
-71.51943181,-40.01724599,0.11,15.556287,0.46
-71.51950617,-40.01727708,0.1,16.267529,0.43
-71.5195714,-40.0173043,0.12,16.969643,0.5
-71.51965376,-40.01733862,0.09,18.385452,0.39
-71.51974006,-40.01737448,0.08,18.366425,0.36
-71.51981864,-40.01740699,0.09,17.6316,0.39
-71.51988913,-40.01743604,0.09,17.628788,0.39
-71.51997314,-40.01747059,0.1,18.334656,0.43
-71.52004886,-40.01750164,0.1,16.218822,0.43
-71.52010705,-40.01752544,0.15,14.809025,0.61
-71.52017121,-40.01755165,0.27,14.10544,1.04
-71.52022025,-40.01757162,0.3,13.403505,1.15
-71.52028682,-40.01759867,0.3,14.104136,1.15
-71.52034342,-40.01762163,0.28,13.404751,1.08
-71.52040062,-40.0176448,0.28,13.409799,1.08
-71.52046072,-40.01766911,0.36,14.110592,1.37
-71.5205239,-40.01769462,0.47,13.42282,1.77
-71.52057646,-40.0177158,0.51,12.713404,1.91
-71.52062649,-40.01773593,0.58,11.296942,2.17
-71.52069839,-40.01776481,0.02,8.476294,0.14
-71.52073906,-40.01778114,0.05,9.894781,0.25
-71.52079817,-40.01780486,0.15,12.72119,0.61
-71.5208607,-40.01782993,0.18,13.431471,0.72
-71.5209124,-40.01785071,0.2,12.719572,0.79
-71.52097262,-40.01787489,0.22,14.149734,0.86
-71.52104314,-40.01790304,0.24,14.880011,0.94
-71.52110164,-40.01792632,0.21,14.175764,0.83
-71.52116507,-40.01795158,0.24,14.892004,0.94
-71.5212261,-40.0179759,0.31,14.185492,1.19
-71.52129395,-40.01800297,0.33,15.60749,1.26
-71.52136822,-40.01803264,0.3,15.60973,1.15
-71.52143764,-40.01806041,0.24,16.324692,0.94
-71.52150685,-40.01808816,0.23,14.195977,0.9
-71.52156412,-40.01811118,0.23,14.91165,0.9
-71.52163027,-40.01813786,0.21,14.918712,0.83
-71.52169277,-40.01816313,0.19,14.910397,0.75
-71.5217483,-40.01818563,0.25,14.200974,0.97
-71.52181987,-40.01821471,0.31,14.912713,1.19
-71.52187995,-40.01823922,0.31,14.906944,1.19
-71.52193926,-40.01826346,0.25,14.197373,0.97
-71.52199766,-40.0182874,0.2,12.7764435,0.79
-71.52205779,-40.01831214,0.19,13.48289,0.75
-71.52211391,-40.01833528,0.15,12.061731,0.61
-71.52214715,-40.01834901,0.1,9.22378,0.43
-71.52218164,-40.01836314,0.05,8.518604,0.25
-71.52221488,-40.01837677,0.04,7.813593,0.21
-71.52224774,-40.01839036,0.02,7.7997937,0.14
-71.52227433,-40.01840157,0.02,7.089176,0.14
-71.52220221,-40.01837156,0.07,7.809701,0.32
-71.52223489,-40.018385,0.03,7.8029876,0.18
-71.52226088,-40.0183959,0.02,7.09271,0.14
-71.52229377,-40.01840977,0.02,7.089566,0.14
-71.52232185,-40.01842163,0.02,6.3841567,0.14
-71.52234647,-40.01843204,0.03,6.3801703,0.18
-71.52237478,-40.01844403,0.04,7.7980514,0.21
-71.52241465,-40.01846093,0.1,9.216032,0.43
-71.52246096,-40.0184806,0.31,12.048751,1.19
-71.52252836,-40.01850924,0.47,13.461105,1.77
-71.52257207,-40.01852782,0.52,11.332562,1.95
-71.52262108,-40.01854864,0.48,12.748073,1.81
-71.52268824,-40.01857718,0.5,13.452617,1.88
-71.52273985,-40.0185991,0.46,12.740707,1.73
-71.52279802,-40.01862381,0.43,12.7355175,1.62
-71.52285549,-40.0186482,0.37,12.737148,1.41
-71.52290864,-40.01867074,0.32,12.728351,1.23
-71.52296501,-40.01869461,0.29,13.429574,1.12
-71.52302787,-40.01872115,0.26,13.428971,1.01
-71.52308033,-40.01874326,0.19,12.0113735,0.75
-71.52311978,-40.01875986,0.15,10.593161,0.61
-71.52316085,-40.01877711,0.14,10.594727,0.57
-71.52320932,-40.01879743,0.16,11.297588,0.65
-71.52326297,-40.01881987,0.16,12.011087,0.65
-71.52331375,-40.01884106,0.2,11.999058,0.79
-71.52336669,-40.01886308,0.2,11.998808,0.79
-71.52340886,-40.01888059,0.18,11.310634,0.72
-71.5234666,-40.01890472,0.19,12.706667,0.75
-71.52352755,-40.01892986,0.22,13.389975,0.86
-71.523581,-40.01895147,0.22,14.091386,0.86
-71.52365596,-40.01898168,0.25,15.498493,0.97
-71.52371867,-40.01900686,0.18,14.089793,0.72
-71.523781,-40.01903182,0.14,14.090569,0.57
-71.5238394,-40.01905518,0.13,13.386949,0.54
-71.52389915,-40.01907903,0.13,15.508389,0.54
-71.52398654,-40.01911389,0.13,16.213861,0.54
-71.52403924,-40.01913489,0.13,14.1022625,0.54
-71.52410187,-40.01915985,0.13,14.106948,0.54
-71.5241587,-40.0191825,0.14,14.112808,0.57
-71.52422755,-40.01920997,0.13,14.822894,0.54
-71.52429186,-40.01923564,0.14,14.123762,0.57
-71.52434977,-40.01925879,0.13,14.126646,0.54
-71.52441305,-40.01928413,0.13,14.133913,0.54
-71.52448044,-40.01931118,0.14,14.140593,0.57
-71.52453683,-40.01933386,0.12,12.029749,0.5
-71.52457653,-40.01934985,0.1,10.610388,0.43
-71.52461665,-40.01936605,0.1,9.907362,0.43
-71.52465729,-40.01938249,0.08,9.908844,0.36
-71.52470573,-40.01940189,0.05,9.882807,0.25
-71.52474232,-40.01941663,0.04,8.480631,0.21
-71.52478103,-40.01943249,0.05,8.52708,0.25
-71.52481412,-40.01944614,0.02,7.816817,0.14
-71.5248462,-40.01945941,0.03,7.81752,0.18
-71.52487339,-40.01947066,0.06,7.108617,0.28
-71.52493345,-40.01949557,0.02,6.4011765,0.14
-71.52495891,-40.01950614,0.02,6.3969,0.14
-71.52498416,-40.01951664,0.01,6.401269,0.1
-71.52500985,-40.01952734,0.02,6.39687,0.14
-71.52503358,-40.01953721,0.02,6.395988,0.14
-71.52506291,-40.01954943,0.02,9.237891,0.14
-71.52511948,-40.01957303,0.01,10.659454,0.1
-71.52514994,-40.01958576,0.02,8.528813,0.14
-71.52520898,-40.01961044,0.03,12.785393,0.18
-71.52527755,-40.01963914,0.02,7.0997295,0.14
-71.52532993,-40.01966109,0.17,9.939855,0.68
-71.52538848,-40.01968563,0.39,12.058388,1.48
-71.52544148,-40.01970785,0.5,13.465799,1.88
-71.52550246,-40.01973342,0.52,13.466326,1.95
-71.52555604,-40.01975589,0.63,12.747374,2.35
-71.52560959,-40.01977835,0.9,13.440308,3.33
-71.5256757,-40.01980602,1.06,13.430982,3.91
-71.52572194,-40.01982535,0.97,12.717564,3.58
-71.5257778,-40.01984866,0.87,12.711819,3.22
-71.52584049,-40.01987474,0.67,13.395993,2.49
-71.52590157,-40.01990011,0.62,14.094954,2.31
-71.52595829,-40.0199237,0.57,12.706196,2.13
-71.52601419,-40.01994688,0.54,13.366087,2.02
-71.52607164,-40.01997054,0.51,13.297382,1.91
-71.52612616,-40.01999291,0.47,12.592167,1.77
-71.52618393,-40.02001657,0.48,13.280928,1.81
-71.52623998,-40.02003947,0.45,13.27966,1.7
-71.52629358,-40.02006131,0.43,13.277501,1.62
-71.52635479,-40.02008621,0.42,13.970131,1.59
-71.52641458,-40.02011048,0.41,13.27218,1.55
-71.526471,-40.02013332,0.41,13.969623,1.55
-71.52653984,-40.02016114,0.46,14.671159,1.73
-71.52659685,-40.02018411,0.36,14.675887,1.37
-71.52666166,-40.02021017,0.26,14.682814,1.01
-71.52672206,-40.02023441,0.2,13.992508,0.79
-71.52678377,-40.02025914,0.17,14.702669,0.68
-71.52684849,-40.02028503,0.16,14.715494,0.65
-71.5269126,-40.02031066,0.16,14.732163,0.65
-71.52697718,-40.02033644,0.17,16.151752,0.68
-71.52705121,-40.02036596,0.19,16.17015,0.75
-71.52711014,-40.02038944,0.19,14.7837515,0.75
-71.52716686,-40.02041208,0.18,13.352606,0.72
-71.52722703,-40.02043614,0.21,14.097958,0.83
-71.52728503,-40.02045926,0.26,12.764713,1.01
-71.52733747,-40.02048005,0.29,12.066278,1.12
-71.52738414,-40.02049854,0.31,11.365452,1.19
-71.52743389,-40.02051828,0.25,11.380419,0.97
-71.52748148,-40.02053716,0.13,10.675632,0.54
-71.52752314,-40.02055372,0.08,9.254977,0.36
-71.52755742,-40.02056737,0.06,9.264965,0.28
-71.52759467,-40.02058222,0.07,9.988706,0.32
-71.52765097,-40.02060471,0.14,11.413314,0.57
-71.52770531,-40.02062646,0.18,12.847011,0.72
-71.52776844,-40.02065179,0.34,13.575091,1.3
-71.5278239,-40.02067408,0.4,12.864019,1.52
-71.52787259,-40.02069371,0.48,12.15561,1.81
-71.52792509,-40.02071492,0.51,12.87338,1.91
-71.52799153,-40.02074183,0.46,14.308078,1.73
-71.5280608,-40.02077001,0.39,15.024164,1.48
-71.52811725,-40.02079304,0.37,14.311615,1.41
-71.52818143,-40.02081932,0.31,14.313094,1.19
-71.52824953,-40.02084733,0.27,14.30484,1.04
-71.52830238,-40.02086914,0.25,12.873358,0.97
-71.52836046,-40.02089319,0.29,13.587038,1.12
-71.52842916,-40.02092166,0.27,15.019764,1.04
-71.52848434,-40.02094449,0.17,12.869843,0.68
-71.52853287,-40.02096471,0.09,10.719293,0.39
-71.52857103,-40.02098088,0.09,9.983241,0.39
-71.52861275,-40.02099862,0.09,9.977087,0.39
-71.52866066,-40.02101903,0.06,10.689945,0.28
-71.52870779,-40.02103915,0.05,10.680815,0.25
-71.52874889,-40.02105672,0.06,10.675562,0.28
-71.52879931,-40.0210783,0.06,12.09116,0.28
-71.52885516,-40.02110224,0.07,12.803425,0.32
-71.52890917,-40.02112542,0.15,12.788703,0.61
-71.52897189,-40.02115234,0.24,13.488977,0.94
-71.52903332,-40.02117872,0.36,13.48388,1.37
-71.52907872,-40.02119822,0.47,12.768809,1.77
-71.52914162,-40.02122522,0.6,14.880396,2.24
-71.52921345,-40.02125604,0.72,15.582149,2.67
-71.52927809,-40.02128371,0.77,14.153011,2.86
-71.52933703,-40.02130889,0.77,13.433208,2.86
-71.52939158,-40.02133213,0.71,13.42516,2.64
-71.52945218,-40.02135788,0.52,14.122896,1.95
-71.5295171,-40.02138538,0.34,14.818785,1.3
-71.52957444,-40.02140962,0.24,12.697495,0.94
-71.52962764,-40.02143206,0.23,12.691855,0.9
-71.52968546,-40.02145638,0.23,12.686256,0.9
-71.52973806,-40.02147862,0.21,12.692149,0.83
-71.52980202,-40.02150537,0.16,13.381224,0.65
-71.52985638,-40.02152767,0.14,14.053165,0.57
-71.52992745,-40.02155667,0.14,15.458476,0.57
-71.52999687,-40.02158491,0.15,14.750731,0.61
-71.53005293,-40.02160764,0.24,14.04862,0.94
-71.53011275,-40.02163187,0.42,12.648056,1.59
-71.53016155,-40.02165156,0.57,11.944977,2.13
-71.53021194,-40.02167186,0.61,11.942865,2.28
-71.53026423,-40.0216929,0.64,13.357705,2.38
-71.53032831,-40.02171862,0.66,13.355716,2.46
-71.53037491,-40.0217373,0.66,11.953654,2.46
-71.53042601,-40.02175776,0.64,11.963013,2.38
-71.5304787,-40.02177885,0.63,13.369435,2.35
-71.53053639,-40.02180194,0.62,13.376071,2.31
-71.5305932,-40.02182466,0.59,13.381105,2.2
-71.53065884,-40.0218509,0.52,14.798278,1.95
-71.53071454,-40.02187319,0.48,13.402321,1.81
-71.5307726,-40.02189644,0.52,14.108548,1.95
-71.53083656,-40.02192207,0.58,14.118001,2.17
-71.53090227,-40.02194842,0.5,14.839072,1.88
-71.53096614,-40.02197385,0.35,14.80559,1.33
-71.53102304,-40.02199661,0.33,14.845804,1.26
-71.53109716,-40.0220267,0.48,16.346071,1.81
-71.53115856,-40.02205189,0.74,14.219954,2.75
-71.53121737,-40.02207602,0.86,14.221065,3.18
-71.53127993,-40.02210166,0.89,12.800364,3.29
-71.53132984,-40.0221221,0.61,12.091439,2.28
-71.53138033,-40.02214279,0.42,12.804255,1.59
-71.53144732,-40.02217023,0.26,14.218735,1.01
-71.53151057,-40.02219615,0.31,14.219166,1.19
-71.53156967,-40.02222035,0.34,13.503373,1.3
-71.53162338,-40.02224231,0.32,12.784617,1.23
-71.53167922,-40.02226513,0.28,13.491616,1.08
-71.5317434,-40.02229132,0.26,13.480133,1.01
-71.53179571,-40.02231263,0.27,14.179001,1.04
-71.53186852,-40.02234223,0.25,14.877235,0.97
-71.53192432,-40.02236487,0.27,14.859866,1.04
-71.53199568,-40.02239376,0.33,16.259682,1.26
-71.53206218,-40.02242061,0.41,15.542792,1.55
-71.53212968,-40.02244777,0.39,14.81212,1.48
-71.53218862,-40.02247145,0.3,13.389664,1.15
-71.53224227,-40.0224932,0.21,12.7224655,0.83
-71.53229212,-40.02251326,0.21,12.680932,0.83
-71.53236111,-40.02254043,0.24,13.975988,0.94
-71.53242091,-40.02256378,0.24,13.965737,0.94
-71.53248528,-40.0225889,0.24,15.354265,0.94
-71.53255714,-40.0226169,0.21,14.646912,0.83
-71.53261275,-40.02263858,0.19,13.951289,0.75
-71.53267431,-40.02266258,0.19,15.341275,0.75
-71.5327565,-40.02269467,0.2,16.73847,0.79
-71.53282361,-40.02272092,0.17,14.651878,0.68
-71.53287877,-40.02274253,0.16,13.957694,0.65
-71.53294331,-40.02276791,0.17,14.666658,0.68
-71.53300802,-40.02279344,0.17,15.382443,0.68
-71.53307866,-40.02282143,0.18,14.699588,0.72
-71.53313915,-40.02284548,0.19,14.710251,0.75
-71.53319085,-40.02286611,0.21,13.325104,0.83
-71.53325102,-40.02289024,0.24,14.052267,0.94
-71.53331764,-40.02291709,0.2,14.058568,0.79
-71.53337069,-40.02293857,0.2,12.6784,0.79
-71.53342776,-40.02296178,0.22,12.685329,0.86
-71.533482,-40.02298376,0.25,13.372617,0.97
-71.53354969,-40.02301148,0.32,14.85225,1.23
-71.53360553,-40.02303479,0.34,13.528072,1.3
-71.53366865,-40.02306143,0.38,14.254449,1.44
-71.53372611,-40.02308577,0.4,13.557701,1.52
-71.53378237,-40.02310969,0.46,14.289797,1.73
-71.53385452,-40.02314048,0.52,14.302256,1.95
-71.53390744,-40.02316311,0.53,12.878927,1.99
-71.53396841,-40.02318922,0.47,13.605341,1.77
-71.53402419,-40.02321317,0.44,13.611898,1.66
-71.53408409,-40.02323893,0.4,13.619468,1.52
-71.53414064,-40.02326325,0.33,13.620575,1.26
-71.53419353,-40.023286,0.31,12.907036,1.19
-71.53425435,-40.0233122,0.31,14.340657,1.19
-71.53432773,-40.02334379,0.3,15.777069,1.15
-71.53439575,-40.02337305,0.31,15.053643,1.19
-71.53445345,-40.02339784,0.29,13.617238,1.12
-71.53450968,-40.02342196,0.31,13.613112,1.19
-71.53456662,-40.02344636,0.34,14.320388,1.3
-71.53463612,-40.02347608,0.38,15.025711,1.44
-71.53469943,-40.02350308,0.38,15.779289,1.44
-71.53477482,-40.02353526,0.38,15.732164,1.44
-71.5348364,-40.02356133,0.39,14.926975,1.48
-71.53490302,-40.02358915,0.4,15.618914,1.52
-71.53497749,-40.02362012,0.4,15.607543,1.52
-71.53503392,-40.02364349,0.4,12.7654085,1.52
-71.53508258,-40.02366361,0.41,12.043781,1.55
-71.53513886,-40.0236868,0.43,13.450205,1.62
-71.53520178,-40.02371264,0.44,14.155773,1.66
-71.53526007,-40.02373651,0.44,13.436912,1.66
-71.53531993,-40.02376095,0.43,13.429339,1.62
-71.53537127,-40.02378187,0.43,12.71936,1.62
-71.53542392,-40.0238033,0.47,13.425055,1.77
-71.53549396,-40.02383172,0.45,14.82761,1.7
-71.53555763,-40.02385747,0.44,15.529511,1.66
-71.53562655,-40.02388531,0.5,14.819748,1.88
-71.53568677,-40.02390959,0.52,14.818092,1.95
-71.5357537,-40.02393653,0.46,15.523949,1.73
-71.53581843,-40.02396257,0.42,14.824364,1.59
-71.53588436,-40.02398907,0.47,14.822758,1.77
-71.535942,-40.02401223,0.56,14.118111,2.1
-71.53600921,-40.02403919,0.53,14.807365,1.99
-71.5360661,-40.02406201,0.45,14.121936,1.7
-71.53613135,-40.02408822,0.38,13.461844,1.44
-71.53617942,-40.02410752,0.32,12.746476,1.23
-71.53623846,-40.02413124,0.24,14.165163,0.94
-71.53631305,-40.02416124,0.21,15.583707,0.83
-71.5363833,-40.02418954,0.21,15.584081,0.83
-71.53645045,-40.02421662,0.21,15.586395,0.83
-71.53651729,-40.02424361,0.19,15.586768,0.75
-71.53658633,-40.02427153,0.19,14.884661,0.75
-71.53664584,-40.02429564,0.23,14.17296,0.9
-71.53671635,-40.02432428,0.28,15.58273,1.08
-71.53678893,-40.0243538,0.31,16.995687,1.19
-71.5368699,-40.0243868,0.35,16.990929,1.33
-71.53693471,-40.02441329,0.39,15.574922,1.48
-71.53700067,-40.0244403,0.42,14.872805,1.59
-71.53706369,-40.02446615,0.45,13.443602,1.7
-71.53710702,-40.02448394,0.34,11.315896,1.3
-71.53715383,-40.02450316,0.09,9.903392,0.39
-71.53718767,-40.0245171,0.15,8.485899,0.61
-71.53722212,-40.02453129,0.1,7.780666,0.43
-71.53725454,-40.02454462,0.05,8.493124,0.25
-71.53729199,-40.02455994,0.06,8.485651,0.28
-71.5373359,-40.02457807,0.12,9.877194,0.5
-71.53738708,-40.02459947,0.19,11.282947,0.75
-71.53744248,-40.02462265,0.14,11.984074,0.57
-71.53748946,-40.02464231,0.08,11.275046,0.36
-71.53753275,-40.02466044,0.09,9.161192,0.39
-71.5375652,-40.02467403,0.04,9.159126,0.21
-71.53760269,-40.02468974,0.05,9.154923,0.25
-71.53764334,-40.02470679,0.07,10.560317,0.32
-71.53770013,-40.02473059,0.12,12.668974,0.5
-71.53775497,-40.02475357,0.14,11.964961,0.57
-71.53780422,-40.02477422,0.19,12.664297,0.75
-71.53787071,-40.02480207,0.3,14.771253,1.15
-71.53793233,-40.02482786,0.31,13.362611,1.19
-71.53797771,-40.02484681,0.24,11.250067,0.94
-71.53802566,-40.02486681,0.11,10.547407,0.46
-71.53806181,-40.02488188,0.05,9.145129,0.25
-71.5380982,-40.02489704,0,8.436862,0.07
-71.53812676,-40.02490894,0,7.030719,0.07
-71.53818926,-40.02493491,0.02,7.031911,0.14
-71.53821977,-40.02494757,0,7.0350847,0.07
-71.53828263,-40.02497364,0.02,7.736994,0.14
-71.53831635,-40.0249876,0.03,7.733732,0.18
-71.53834753,-40.0250005,0.06,7.7329693,0.28
-71.53837919,-40.02501358,0.09,8.44041,0.39
-71.53842491,-40.02503246,0.2,10.550637,0.79
-71.53847736,-40.02505407,0.26,11.251262,1.01
-71.53852042,-40.02507204,0.16,9.844433,0.65
-71.5385592,-40.02508816,0.09,8.439563,0.39
-71.53859602,-40.02510316,0.03,9.147412,0.18
-71.53872495,-40.02515492,0.02,7.741847,0.14
-71.53876645,-40.02517155,0,9.150811,0.07
-71.53880268,-40.02518608,0,8.448438,0.07
-71.53884796,-40.02520423,0.01,9.859758,0.1
-71.5388957,-40.02522337,0.01,9.154447,0.1
-71.53892348,-40.02523452,0.01,7.7542095,0.1
-71.53894973,-40.02524505,0.01,7.0452642,0.1
-71.53898217,-40.02525808,0.01,7.0467424,0.1
-71.53901579,-40.0252716,0.01,7.046317,0.1
-71.53904732,-40.02528428,0.07,8.458906,0.32
-71.53909635,-40.02530403,0.01,7.7547426,0.1
-71.53911761,-40.02531261,0.01,7.051393,0.1
-71.53915419,-40.02532738,0.01,8.463031,0.1
-71.53919771,-40.02534499,0.02,8.463663,0.14
-71.53922998,-40.02535806,0.08,7.760227,0.36
-71.53925488,-40.02536817,0.01,6.3524675,0.1
-71.53928588,-40.02538077,0.01,6.350975,0.1
-71.53931122,-40.02539109,0.02,6.354024,0.14
-71.53933649,-40.0254014,0.02,6.3586655,0.14
-71.5393633,-40.02541235,0.02,7.059458,0.14
-71.5393996,-40.0254272,0.02,7.768121,0.14
-71.53942898,-40.02543924,0.02,7.062683,0.14
-71.53945561,-40.02545018,0.02,6.3576403,0.14
-71.53947788,-40.02545934,0.01,5.6528683,0.1
-71.53950249,-40.02546948,0.01,5.6539845,0.1
-71.53952736,-40.02547974,0.06,5.6548057,0.28
-71.53955581,-40.02549151,0.06,6.360674,0.28
-71.5395803,-40.02550165,0.02,6.3634334,0.14
-71.53960775,-40.02551305,0.01,7.0701094,0.1
-71.53964119,-40.02552696,0.07,7.7796297,0.32
-71.53968284,-40.02554433,0.13,11.319088,0.54
-71.53974988,-40.02557224,0.29,12.737429,1.12
-71.53980183,-40.0255938,0.36,12.738129,1.37
-71.53986578,-40.0256209,0.56,14.171951,2.1
-71.53993007,-40.02564883,0.62,14.170204,2.31
-71.53999213,-40.02567587,0.58,13.466574,2.17
-71.54004276,-40.02569797,0.54,13.467575,2.02
-71.54010938,-40.02572706,0.51,14.88672,1.91
-71.54017437,-40.02575546,0.45,14.89735,1.7
-71.54022946,-40.02577953,0.36,12.761336,1.37
-71.54028245,-40.02580267,0.3,12.761626,1.15
-71.54034389,-40.02582947,0.29,13.474695,1.12
-71.5403995,-40.02585369,0.34,13.474523,1.3
-71.54044967,-40.02587548,0.4,12.766605,1.52
-71.54051097,-40.02590203,0.4,13.474226,1.52
-71.5405731,-40.02592883,0.33,14.188022,1.26
-71.5406342,-40.02595505,0.28,14.883654,1.08
-71.54069736,-40.02598203,0.26,14.184098,1.01
-71.54075756,-40.02600761,0.27,13.461753,1.04
-71.54081336,-40.02603118,0.29,13.4577675,1.12
-71.54086786,-40.02605408,0.3,13.459683,1.15
-71.54093085,-40.02608037,0.35,14.1613655,1.33
-71.54098934,-40.02610467,0.37,13.462973,1.41
-71.54104497,-40.02612798,0.39,13.4542465,1.48
-71.54110489,-40.02615256,0.43,14.15165,1.62
-71.54116848,-40.02617775,0.45,13.431908,1.7
-71.54122483,-40.02619984,0.4,13.43022,1.52
-71.5412766,-40.02622002,0.31,12.71707,1.19
-71.54133692,-40.02624343,0.22,12.714058,0.86
-71.54138308,-40.02626125,0.12,10.5933075,0.5
-71.54141856,-40.02627491,0.06,9.1809845,0.28
-71.54145672,-40.02628958,0.04,9.180504,0.21
-71.54148769,-40.02630146,0.02,7.7679405,0.14
-71.54171572,-40.02638859,0.2,9.1810665,0.79
-71.54176815,-40.02640859,0.39,12.703023,1.48
-71.54183598,-40.02643448,0.44,14.818586,1.66
-71.54190377,-40.02646041,0.43,15.5245,1.62
-71.54197406,-40.02648736,0.45,15.522919,1.7
-71.54203921,-40.02651243,0.55,14.112767,2.06
-71.54210891,-40.02653938,0.69,15.521015,2.57
-71.5421766,-40.02656567,0.73,14.816006,2.71
-71.5422202,-40.02658267,0.72,11.995111,2.67
-71.54227407,-40.02660358,0.75,12.705864,2.78
-71.54232901,-40.02662502,0.75,12.705481,2.78
-71.54239095,-40.02664973,0.59,14.115418,2.2
-71.54245811,-40.02667702,0.46,13.407619,1.73
-71.54250752,-40.02669721,0.43,12.707146,1.62
-71.54255903,-40.02671837,0.43,12.002277,1.62
-71.54261221,-40.0267403,0.46,12.713547,1.73
-71.54266915,-40.02676387,0.46,12.717766,1.73
-71.54272514,-40.02678715,0.45,12.720759,1.7
-71.54279119,-40.02681475,0.47,14.837389,1.77
-71.54286054,-40.02684382,0.4,14.84693,1.52
-71.54290697,-40.02686334,0.37,12.022021,1.41
-71.54295287,-40.02688268,0.38,11.314718,1.44
-71.54300498,-40.0269047,0.49,13.438863,1.84
-71.54307482,-40.02693428,0.47,14.155209,1.77
-71.54313067,-40.02695796,0.35,12.745813,1.33
-71.54318649,-40.02698168,0.29,12.746936,1.12
-71.54323831,-40.02700372,0.32,12.746022,1.23
-71.54329998,-40.02702996,0.29,13.460055,1.12
-71.54336315,-40.02705686,0.21,14.876514,0.83
-71.5434305,-40.02708552,0.15,15.5877,0.61
-71.54349599,-40.02711341,0.1,14.861391,0.43
-71.54355708,-40.02713953,0.1,14.176682,0.43
-71.54362118,-40.0271668,0.13,14.894969,0.54
-71.54369119,-40.02719625,0.15,17.04519,0.61
-71.54377172,-40.02723005,0.14,16.340008,0.57
-71.54382967,-40.02725434,0.13,14.918125,0.54
-71.54389336,-40.02728101,0.14,15.622179,0.57
-71.54396896,-40.02731262,0.13,16.329039,0.54
-71.5440348,-40.02734011,0.15,15.615984,0.61
-71.54410755,-40.02737042,0.18,16.31971,0.72
-71.54417921,-40.02740024,0.16,16.31398,0.65
-71.54424254,-40.02742657,0.15,14.891676,0.61
-71.54429844,-40.02744978,0.13,14.175941,0.54
-71.54436118,-40.02747579,0.1,12.752583,0.43
-71.54440381,-40.02749345,0.07,10.623093,0.32
-71.54444898,-40.02751215,0.07,11.32807,0.32
-71.54449842,-40.0275326,0.06,10.620152,0.28
-71.54454415,-40.02755152,0.08,12.025061,0.36
-71.54460027,-40.02757473,0.14,12.729057,0.57
-71.54465699,-40.02759814,0.17,12.721075,0.68
-71.54471797,-40.02762329,0.17,13.418812,0.68
-71.54477574,-40.02764709,0.17,14.142218,0.68
-71.54484304,-40.0276748,0.2,14.823801,0.79
-71.54490371,-40.0276998,0.16,14.065016,0.65
-71.54496269,-40.02772413,0.11,11.956273,0.46
-71.5449947,-40.02773732,0.08,9.840853,0.36
-71.54504402,-40.02775765,0.09,11.240637,0.39
-71.5451017,-40.02778141,0.1,12.642439,0.43
-71.54515913,-40.02780506,0.12,12.6407385,0.5
-71.54521531,-40.02782819,0.12,13.342438,0.5
-71.54527139,-40.02785126,0.11,12.636883,0.46
-71.54532884,-40.02787488,0.13,14.043994,0.54
-71.54540344,-40.02790555,0.16,16.149788,0.65
-71.54547783,-40.02793612,0.17,16.151886,0.68
-71.54553759,-40.02796066,0.14,14.7513275,0.57
-71.54559773,-40.02798535,0.15,14.7529545,0.61
-71.54566005,-40.02801092,0.15,14.057855,0.61
-71.54571393,-40.02803301,0.14,12.660797,0.57
-71.5457707,-40.02805628,0.17,12.6593075,0.68
-71.5458319,-40.02808136,0.2,14.075606,0.79
-71.54589611,-40.02810766,0.23,14.0877285,0.9
-71.54595867,-40.02813326,0.24,14.090252,0.94
-71.5460241,-40.02815999,0.36,14.781374,1.37
-71.54609183,-40.02818763,0.33,15.516672,1.26
-71.54615502,-40.02821347,0.27,14.866698,1.04
-71.54621737,-40.02823902,0.2,14.15919,0.79
-71.5462731,-40.02826185,0.19,12.7522545,0.75
-71.54632828,-40.02828442,0.15,12.047216,0.61
-71.54636998,-40.02830146,0.08,9.930423,0.36
-71.54640681,-40.02831651,0.07,9.221032,0.32
-71.54644202,-40.02833089,0.09,8.512312,0.39
-71.54647983,-40.02834631,0.08,8.513166,0.36
-71.54651731,-40.02836158,0.05,8.515234,0.25
-71.54655676,-40.02837766,0.07,9.233655,0.32
-71.54659568,-40.0283935,0.09,9.229649,0.39
-71.54663551,-40.02840971,0.17,10.651063,0.68
-71.54669008,-40.02843189,0.23,12.075829,0.9
-71.54674339,-40.02845352,0.26,13.495552,1.01
-71.54680467,-40.02847836,0.26,12.784958,1.01
-71.54685617,-40.0284992,0.18,11.367345,0.72
-71.54689566,-40.02851516,0.05,9.238635,0.25
-71.54692689,-40.02852777,0.02,7.8139825,0.14
-71.5469567,-40.02853981,0.02,7.814279,0.14
-71.54698905,-40.02855286,0.06,9.942773,0.28
-71.54706177,-40.02858217,0.12,16.334433,0.5
-71.54714378,-40.02861517,0.13,17.750454,0.54
-71.54722191,-40.02864657,0.12,17.744806,0.5
-71.54729432,-40.02867576,0.14,16.332813,0.57
-71.54735946,-40.02870196,0.15,17.022789,0.61
-71.54744458,-40.02873583,0.14,17.699917,0.57
-71.54751341,-40.02876307,0.15,16.28668,0.61
-71.5475829,-40.02879057,0.16,16.98052,0.65
-71.54766428,-40.02882281,0.16,17.682564,0.65
-71.54773338,-40.02885023,0.16,16.969404,0.65
-71.54781154,-40.02888132,0.17,18.380032,0.68
-71.54789952,-40.02891642,0.17,17.675434,0.68
-71.54796516,-40.0289427,0.18,16.255152,0.72
-71.54802805,-40.02896795,0.17,15.544922,0.68
-71.54809858,-40.02899639,0.16,16.259388,0.65
-71.54817156,-40.02902594,0.14,16.252666,0.57
-71.54823631,-40.02905226,0.13,15.543538,0.54
-71.54830977,-40.02908225,0.16,15.548305,0.65
-71.5483689,-40.0291065,0.16,14.837991,0.65
-71.54844317,-40.0291371,0.15,16.250648,0.61
-71.54851136,-40.0291653,0.15,15.547064,0.61
-71.54857257,-40.02919046,0.15,14.84031,0.61
-71.54863875,-40.02921801,0.18,16.260113,0.72
-71.54871046,-40.02924856,0.19,16.972807,0.75
-71.5487891,-40.02928231,0.17,16.27153,0.68
-71.54885441,-40.02931041,0.16,16.271488,0.65
-71.54892423,-40.02934051,0.2,16.282217,0.79
-71.54899394,-40.02937057,0.24,16.279238,0.94
-71.54906352,-40.02940057,0.3,16.284897,1.15
-71.54912822,-40.02942846,0.32,15.581102,1.23
-71.54919607,-40.02945769,0.34,14.877142,1.3
-71.54925279,-40.02948207,0.4,15.581595,1.52
-71.54934144,-40.02952004,0.36,18.417791,1.37
-71.54942191,-40.02955438,0.31,17.711794,1.19
-71.54948635,-40.02958178,0.3,15.592403,1.15
-71.54955272,-40.02960987,0.25,14.172952,0.97
-71.54960769,-40.02963304,0.21,13.465114,0.83
-71.54967524,-40.02966139,0.21,15.590603,0.83
-71.54974993,-40.02969257,0.22,16.300982,0.86
-71.54982388,-40.02972355,0.19,17.714705,0.75
-71.54990161,-40.02975561,0.19,18.430979,0.75
-71.54998031,-40.02978722,0.24,17.02601,0.94
-71.55005077,-40.02981516,0.3,17.024622,1.15
-71.55013498,-40.02984841,0.29,17.734484,1.12
-71.55020534,-40.02987609,0.3,16.306322,1.15
-71.55027174,-40.02990217,0.33,17.010841,1.26
-71.55036184,-40.02993752,0.38,19.128933,1.44
-71.55043425,-40.0299659,0.42,16.996105,1.59
-71.55050358,-40.02999309,0.38,16.28093,1.44
-71.55057903,-40.03002273,0.26,16.980532,1.01
-71.55064745,-40.03004968,0.21,16.278677,0.83
-71.55072212,-40.03007919,0.19,16.970585,0.75
-71.55079384,-40.03010764,0.19,17.660326,0.75
-71.55087876,-40.03014152,0.19,19.070116,0.75
-71.55095979,-40.03017402,0.18,18.344778,0.72
-71.55103846,-40.03020564,0.16,16.947369,0.65
-71.55110723,-40.03023321,0.12,15.51541,0.5
-71.55116714,-40.03025762,0.13,14.069741,0.54
-71.55122575,-40.03028234,0.08,11.951984,0.36
-71.55126558,-40.03029919,0.05,9.840358,0.25
-71.55129638,-40.03031225,0.03,7.7310123,0.18
-71.55132512,-40.03032447,0,7.038486,0.07
-71.55135129,-40.03033561,0.02,6.3286004,0.14
-71.55137599,-40.03034613,0.02,6.325426,0.14
-71.55140174,-40.03035711,0.01,6.3242717,0.1
-71.55142606,-40.03036751,0.03,7.026927,0.18
-71.55146924,-40.03038598,0.07,9.835279,0.32
-71.55152017,-40.03040778,0.06,9.83695,0.28
-71.55155615,-40.0304232,0.04,8.43307,0.21
-71.55158861,-40.03043711,0.03,7.7289963,0.18
-71.55161696,-40.03044927,0.03,7.0258875,0.18
-71.55164976,-40.03046333,0.05,8.43432,0.25
-71.55174222,-40.03050298,0.14,10.547294,0.57
-71.55179576,-40.0305259,0.16,14.060801,0.65
-71.55188266,-40.03056302,0.16,18.291697,0.65
-71.55196873,-40.03059968,0.17,18.299915,0.68
-71.55204304,-40.0306312,0.19,17.606985,0.75
-71.55212146,-40.03066432,0.19,17.61985,0.75
-71.55219207,-40.03069399,0.2,16.220852,0.79
-71.55225611,-40.03072077,0.21,16.234156,0.83
-71.55232971,-40.03075164,0.22,17.646854,0.86
-71.5524101,-40.03078491,0.23,16.967325,0.9
-71.55247766,-40.03081214,0.26,17.0062,1.01
-71.55256609,-40.0308474,0.29,18.438162,1.12
-71.55264866,-40.03088014,0.35,19.16351,1.33
-71.55272805,-40.03091145,0.39,19.174313,1.48
-71.55281466,-40.03094549,0.4,19.895445,1.52
-71.55289808,-40.03097817,0.4,19.199524,1.52
-71.55297288,-40.03100745,0.39,16.358252,1.48
-71.55303456,-40.03103156,0.4,15.651073,1.52
-71.55311403,-40.03106261,0.4,18.50012,1.52
-71.55320552,-40.0310984,0.37,19.214556,1.41
-71.55328133,-40.03112811,0.37,17.791756,1.41
-71.55335396,-40.03115664,0.34,17.080868,1.3
-71.5534258,-40.03118498,0.31,17.08095,1.19
-71.55349867,-40.03121384,0.33,16.368011,1.26
-71.55357708,-40.03124491,0.4,17.791449,1.52
-71.55365158,-40.03127461,0.4,17.778519,1.52
-71.55373362,-40.03130778,0.29,19.184313,1.12
-71.55381654,-40.0313417,0.21,19.174797,0.83
-71.55389939,-40.03137576,0.18,19.163288,0.72
-71.55397696,-40.03140784,0.14,18.446741,0.57
-71.55405883,-40.03144187,0.12,17.726097,0.5
-71.55413743,-40.03147468,0.13,18.424656,0.54
-71.55421876,-40.03150878,0.15,19.831911,0.61
-71.55432211,-40.03155232,0.14,21.233995,0.57
-71.55439976,-40.03158514,0.14,17.687319,0.57
-71.55446901,-40.03161449,0.14,16.256958,0.57
-71.55453385,-40.03164203,0.16,16.251286,0.65
-71.55460771,-40.03167344,0.16,17.657223,0.65
-71.55468575,-40.03170668,0.16,17.64539,0.65
-71.55475348,-40.03173557,0.18,16.928673,0.72
-71.55483157,-40.03176889,0.18,16.92313,0.72
-71.55490768,-40.03180136,0.19,17.615332,0.75
-71.55498163,-40.03183288,0.21,17.600946,0.83
-71.55506332,-40.03186765,0.21,17.594585,0.83
-71.55513831,-40.03189952,0.24,18.998436,0.94
-71.55522677,-40.03193706,0.26,19.696266,1.01
-71.55531438,-40.03197416,0.28,21.089504,1.08
-71.55541602,-40.03201707,0.39,19.678558,1.48
-71.55547966,-40.03204387,0.48,16.866695,1.81
-71.55556481,-40.03207961,0.46,19.667992,1.73
-71.55565545,-40.03211749,0.37,18.962904,1.41
-71.55572306,-40.03214569,0.46,16.15698,1.73
-71.55579315,-40.03217482,0.59,16.15728,2.2
-71.55585668,-40.03220112,0.47,16.150927,1.77
-71.55592904,-40.03223097,0.24,16.864317,0.94
-71.55599932,-40.03225988,0.24,15.455117,0.94
-71.55606934,-40.03228862,0.27,15.44774,1.04
-71.55614436,-40.03231932,0.35,18.97379,1.33
-71.55624634,-40.03236077,0.33,20.393604,1.26
-71.55631829,-40.03238986,0.31,16.880219,1.19
-71.55638163,-40.03241541,0.37,16.88354,1.41
-71.55646607,-40.03244939,0.37,17.591099,1.41
-71.55653878,-40.03247857,0.36,16.891676,1.37
-71.55661623,-40.03250961,0.35,18.301962,1.33
-71.55670421,-40.03254481,0.39,19.011463,1.48
-71.55678561,-40.03257734,0.41,19.016397,1.55
-71.55686067,-40.03260732,0.42,17.615128,1.59
-71.55693553,-40.03263721,0.43,16.909546,1.62
-71.55699807,-40.03266218,0.4,15.508588,1.52
-71.55707254,-40.03269195,0.32,16.91876,1.23
-71.55715691,-40.0327257,0.25,18.33501,0.97
-71.55724018,-40.03275906,0.31,17.635952,1.19
-71.55730787,-40.03278623,0.36,16.251713,1.37
-71.5573756,-40.03281343,0.33,16.241102,1.26
-71.55743902,-40.03283897,0.3,15.527392,1.15
-71.55750915,-40.03286729,0.32,16.922401,1.23
-71.5575956,-40.03290231,0.4,18.340479,1.52
-71.55767163,-40.03293319,0.45,16.943249,1.7
-71.55774492,-40.03296305,0.38,16.242893,1.44
-71.55781331,-40.032991,0.31,16.960365,1.19
-71.55788896,-40.03302202,0.36,15.561425,1.37
-71.55795093,-40.03304751,0.35,15.570007,1.33
-71.55802525,-40.03307819,0.34,16.29256,1.3
-71.5580986,-40.03310857,0.32,18.4302,1.23
-71.5581889,-40.03314613,0.32,17.745745,1.23
-71.55825603,-40.03317414,0.34,17.751543,1.3
-71.55835538,-40.03321576,0.28,21.321209,1.08
-71.55844476,-40.03325336,0.25,20.630136,0.97
-71.55852874,-40.03328883,0.32,18.510057,1.23
-71.55859631,-40.03331741,0.36,16.360037,1.37
-71.55866199,-40.03334526,0.34,16.394924,1.3
-71.55873417,-40.03337601,0.31,17.172916,1.19
-71.55881263,-40.03340957,0.29,16.465275,1.12
-71.55887577,-40.03343662,0.29,16.470423,1.12
-71.55895752,-40.0334717,0.31,17.182327,1.19
-71.55903031,-40.03350297,0.29,17.178108,1.12
-71.55911742,-40.03354043,0.25,20.038612,0.97
-71.55921409,-40.03358203,0.24,20.024035,0.94
-71.55928601,-40.03361298,0.2,17.149052,0.79
-71.55935762,-40.03364378,0.21,17.139269,0.83
-71.55943862,-40.0336786,0.21,17.118069,0.83
-71.55950279,-40.03370615,0.18,14.251637,0.72
-71.55955455,-40.03372836,0.15,12.101882,0.61
-71.55960268,-40.03374899,0.13,11.381094,0.54
-71.55964554,-40.03376734,0.13,10.662321,0.54
-71.55969276,-40.03378752,0.09,10.654338,0.39
-71.55973145,-40.03380405,0.05,9.225928,0.25
-71.55976308,-40.03381754,0.01,7.8034687,0.1
-71.55979007,-40.03382904,0.03,7.0898933,0.18
-71.56000841,-40.03392167,0.01,8.443295,0.1
-71.56004704,-40.03393798,0.05,9.839944,0.25
-71.56011149,-40.03396509,0.11,14.743332,0.46
-71.5601928,-40.03399918,0.11,18.234587,0.46
-71.56027968,-40.03403547,0.14,18.212816,0.57
-71.56035491,-40.03406676,0.14,17.497896,0.57
-71.56043411,-40.03409956,0.1,18.188482,0.43
-71.56050703,-40.03412964,0.09,16.081165,0.39
-71.56057249,-40.03415655,0.1,16.077974,0.43
-71.56064153,-40.03418483,0.14,16.77378,0.57
-71.56071912,-40.03421649,0.17,17.476679,0.68
-71.56079408,-40.03424695,0.17,17.47635,0.68
-71.56087221,-40.03427859,0.15,17.483402,0.61
-71.56093633,-40.03430445,0.1,16.092247,0.43
-71.5610059,-40.03433245,0.07,14.6991,0.32
-71.56105386,-40.03435169,0.04,11.911035,0.21
-71.56109477,-40.03436808,0.01,10.510714,0.1
-71.56114292,-40.0343874,0.02,11.200795,0.14
-71.56118816,-40.03440549,0.03,11.922941,0.18
-71.56125736,-40.03443297,0.06,16.179758,0.28
-71.56133674,-40.03446444,0.09,18.30532,0.39
-71.56142658,-40.03449999,0.11,19.736212,0.46
-71.56151745,-40.0345359,0.11,18.3455,0.46
-71.56158599,-40.03456296,0.08,16.242634,0.36
-71.56164409,-40.0345859,0.05,14.145127,0.25
-71.56170239,-40.03460892,0.05,13.434782,0.25
-71.56175562,-40.03462997,0.07,12.032891,0.32
-71.56179633,-40.03464606,0.06,11.33103,0.28
-71.56185138,-40.03466785,0.11,12.045524,0.46
-71.56190285,-40.03468824,0.16,12.047433,0.65
-71.56195719,-40.03470979,0.08,12.055519,0.36
-71.56200167,-40.03472744,0.06,10.637999,0.28
-71.56203575,-40.03474098,0.03,9.223196,0.18
-71.56207294,-40.03475577,0.06,9.224153,0.28
-71.56211304,-40.03477174,0.05,9.2337885,0.25
-71.56214215,-40.03478334,0.04,7.8126483,0.21
-71.56220314,-40.03480771,0,7.102455,0.07
-71.56223477,-40.03482036,0.02,7.8134737,0.14
-71.56226785,-40.03483361,0.04,7.816723,0.21
-71.56230492,-40.03484849,0.08,9.236279,0.36
-71.56234824,-40.0348659,0.13,9.948291,0.54
-71.56239316,-40.03488396,0.14,9.947132,0.57
-71.56243572,-40.03490111,0.11,9.950424,0.46
-71.56247729,-40.03491794,0.08,8.530295,0.36
-71.5625106,-40.03493145,0.04,7.8212237,0.21
-71.56256596,-40.03495395,0.01,6.3988223,0.1
-71.56259088,-40.0349641,0.01,6.3972845,0.1
-71.56261589,-40.0349743,0.02,6.397728,0.14
-71.56264262,-40.03498522,0.01,7.820438,0.1
-71.56268394,-40.03500212,0.01,8.531288,0.1
-71.56274548,-40.03502736,0.01,7.816786,0.1
-71.5627869,-40.03504439,0.07,9.951246,0.32
-71.56284283,-40.03506744,0.15,12.794558,0.61
-71.56291599,-40.03509765,0.18,15.628342,0.72
-71.56298752,-40.03512729,0.21,16.338223,0.83
-71.56305901,-40.03515702,0.31,16.334528,1.19
-71.56313385,-40.0351882,0.48,17.74042,1.81
-71.56321128,-40.03522053,0.39,17.73162,1.48
-71.56328075,-40.03524961,0.39,17.01968,1.48
-71.56335375,-40.03528023,0.42,16.299982,1.59
-71.5634224,-40.03530909,0.44,16.288797,1.66
-71.56349289,-40.03533876,0.45,16.282753,1.7
-71.56356131,-40.0353676,0.4,16.273148,1.52
-71.56363093,-40.03539694,0.31,16.278042,1.19
-71.56369949,-40.03542587,0.25,16.259474,0.97
-71.56376495,-40.03545358,0.27,16.230122,1.04
-71.5638403,-40.0354855,0.28,17.633644,1.08
-71.56391975,-40.03551916,0.25,16.922606,0.97
-71.56399226,-40.03554988,0.3,16.919437,1.15
-71.5640704,-40.03558294,0.31,18.319977,1.19
-71.56415604,-40.03561911,0.28,18.314676,1.08
-71.56423509,-40.03565245,0.26,19.015514,1.01
-71.56431899,-40.03568774,0.22,18.310448,0.86
-71.56439164,-40.03571822,0.21,16.905964,0.83
-71.56447208,-40.0357519,0.21,17.606447,0.83
-71.56453853,-40.03577964,0.2,15.497372,0.79
-71.56459774,-40.03580428,0.16,14.092668,0.65
-71.56466694,-40.03583299,0.13,14.795938,0.54
-71.56471975,-40.03585484,0.08,11.274183,0.36
-71.56475578,-40.03586973,0.04,9.162304,0.21
-71.56484915,-40.03590817,0.01,8.460425,0.1
-71.56488617,-40.03592339,0.02,9.871075,0.14
-71.56495361,-40.03595104,0.08,14.822511,0.36
-71.56502969,-40.03598199,0.12,16.945602,0.5
-71.56511097,-40.03601487,0.1,17.659933,0.43
-71.56518176,-40.03604341,0.09,16.962181,0.39
-71.56526041,-40.03607503,0.1,17.677628,0.43
-71.56533319,-40.0361042,0.1,15.56213,0.43
-71.56538627,-40.03612543,0.09,12.73798,0.39
-71.56543263,-40.03614394,0.07,10.6164665,0.32
-71.56547107,-40.03615927,0.04,9.204121,0.21
-71.56549838,-40.03617015,0.04,7.085236,0.21
-71.56552726,-40.03618165,0.01,7.083186,0.1
-71.56571302,-40.03625545,0,6.3805885,0.07
-71.56573942,-40.03626592,0,7.0895844,0.07
-71.56580118,-40.0362904,0,6.3836164,0.07
-71.56582627,-40.03630034,0,6.3833303,0.07
-71.56585179,-40.03631046,0.01,7.0948296,0.1
-71.56588642,-40.03632417,0,7.0962715,0.07
-71.56591611,-40.03633594,0.01,7.0949154,0.1
-71.56595414,-40.036351,0.05,9.225078,0.25
-71.56600775,-40.03637225,0.08,13.490456,0.36
-71.56608308,-40.0364021,0.1,15.618562,0.43
-71.56614442,-40.0364264,0.1,14.203891,0.43
-71.56621134,-40.03645294,0.09,14.2004595,0.39
-71.56626582,-40.03647461,0.07,12.084871,0.32
-71.56631027,-40.03649231,0.05,12.084016,0.25
-71.56637046,-40.03651632,0.07,14.928216,0.32
-71.56644674,-40.03654679,0.11,16.348993,0.46
-71.56651326,-40.03657341,0.12,14.926097,0.5
-71.56656689,-40.0365949,0.12,14.923349,0.5
-71.56664408,-40.0366259,0.21,17.055481,0.83
-71.56671809,-40.03665567,0.27,16.337313,1.04
-71.56678458,-40.03668247,0.28,15.619229,1.08
-71.5668571,-40.03671177,0.26,15.613646,1.01
-71.56692073,-40.03673753,0.27,16.322607,1.04
-71.56700398,-40.0367713,0.27,17.018618,1.04
-71.56706673,-40.03679684,0.24,15.591865,0.94
-71.56713293,-40.03682383,0.21,15.584318,0.83
-71.56720724,-40.03685419,0.18,15.577134,0.72
-71.56727119,-40.03688039,0.2,14.155574,0.79
-71.56733218,-40.03690543,0.21,14.85699,0.83
-71.56739766,-40.03693239,0.21,13.460268,0.83
-71.56744057,-40.0369501,0.2,12.735505,0.79
-71.5675093,-40.03697848,0.24,14.805248,0.94
-71.56757128,-40.03700408,0.28,14.795192,1.08
-71.56763582,-40.03703081,0.32,14.791174,1.23
-71.56770054,-40.03705767,0.31,14.792075,1.19
-71.56776206,-40.03708325,0.27,14.788878,1.04
-71.56782364,-40.03710892,0.3,14.78563,1.15
-71.56788849,-40.037136,0.48,15.489895,1.81
-71.56795581,-40.03716417,0.61,14.08659,2.28
-71.56801216,-40.03718777,0.5,14.084123,1.88
-71.56807801,-40.0372154,0.4,14.089774,1.52
-71.56813669,-40.03724007,0.46,13.390278,1.73
-71.56819286,-40.03726372,0.55,12.690223,2.06
-71.56824885,-40.03728732,0.43,13.397079,1.62
-71.56830655,-40.03731165,0.26,14.107673,1.01
-71.568368,-40.03733758,0.21,14.116188,0.83
-71.56843684,-40.03736669,0.23,14.82542,0.9
-71.56850124,-40.03739396,0.27,14.835273,1.04
-71.56856199,-40.03741969,0.31,15.552721,1.19
-71.56863291,-40.03744972,0.34,16.242311,1.3
-71.56870588,-40.03748059,0.33,16.270977,1.26
-71.56877536,-40.0375101,0.31,15.637718,1.19
-71.56883963,-40.03753751,0.3,15.636759,1.15
-71.56891091,-40.03756789,0.27,15.6456175,1.04
-71.56897955,-40.03759712,0.27,14.935913,1.04
-71.56903423,-40.0376204,0.28,13.523093,1.08
-71.56909176,-40.03764485,0.29,14.235756,1.12
-71.56916697,-40.03767677,0.42,16.364109,1.59
-71.56923602,-40.03770602,0.51,14.940258,1.91
-71.56928801,-40.037728,0.54,13.513571,2.02
-71.56934659,-40.0377527,0.52,14.93418,1.95
-71.56941741,-40.03778248,0.43,14.930123,1.62
-71.56946807,-40.03780374,0.42,13.505468,1.59
-71.56952672,-40.0378283,0.54,13.498757,2.02
-71.56958316,-40.03785186,0.59,14.203607,2.2
-71.56965292,-40.03788088,0.55,14.196097,2.06
-71.56971177,-40.03790528,0.46,14.18482,1.73
-71.56978038,-40.03793362,0.34,14.884943,1.3
-71.56984009,-40.03795822,0.28,14.166539,1.08
-71.56990093,-40.03798326,0.3,13.480301,1.15
-71.56995615,-40.03800602,0.32,13.456925,1.23
-71.57001412,-40.03802973,0.31,14.092493,1.19
-71.57007817,-40.03805552,0.37,14.08429,1.41
-71.57014234,-40.03808129,0.44,14.07481,1.66
-71.57020061,-40.03810463,0.47,14.069974,1.77
-71.57026671,-40.03813106,0.45,14.06287,1.7
-71.57032459,-40.03815415,0.38,13.35392,1.44
-71.57038371,-40.03817771,0.41,14.74894,1.55
-71.57044565,-40.03820237,0.47,14.046584,1.77
-71.57050963,-40.03822782,0.44,14.747586,1.66
-71.57057717,-40.03825468,0.32,15.445348,1.23
-71.57064165,-40.03828034,0.3,13.336713,1.15
-71.57069343,-40.03830095,0.31,14.0397005,1.19
-71.57076603,-40.03832987,0.3,14.745358,1.15
-71.57081607,-40.03834983,0.27,12.640589,1.04
-71.57086917,-40.03837103,0.28,11.942639,1.08
-71.57091548,-40.03838956,0.28,11.943281,1.08
-71.57097595,-40.03841377,0.28,14.759057,1.08
-71.57105276,-40.03844461,0.41,15.477009,1.55
-71.57109974,-40.03846351,0.47,12.663151,1.77
-71.57116143,-40.03848828,0.46,14.062606,1.73
-71.57122838,-40.03851518,0.42,14.081434,1.59
-71.57128555,-40.03853845,0.37,13.40713,1.41
-71.57134708,-40.03856378,0.36,14.120392,1.37
-71.57140716,-40.03858857,0.42,13.427313,1.59
-71.57146072,-40.03861069,0.41,13.42783,1.55
-71.57152618,-40.03863774,0.34,14.144836,1.3
-71.571582,-40.03866085,0.31,13.445181,1.19
-71.57163786,-40.03868402,0.27,14.156771,1.04
-71.5717093,-40.03871364,0.19,14.872771,0.75
-71.57176508,-40.03873678,0.14,13.462301,0.57
-71.57182512,-40.0387617,0.13,14.176133,0.54
-71.57188496,-40.03878653,0.11,14.894864,0.46
-71.57195598,-40.038816,0.11,14.895182,0.46
-71.57201508,-40.03884051,0.12,14.904059,0.5
-71.57208155,-40.03886806,0.12,15.618073,0.5
-71.57214946,-40.03889618,0.13,14.198799,0.54
-71.57220189,-40.03891786,0.13,12.782705,0.54
-71.57225838,-40.03894119,0.12,12.785365,0.5
-71.5723203,-40.03896672,0.12,14.20431,0.5
-71.5723924,-40.03899646,0.12,15.6181345,0.5
-71.57246315,-40.03902576,0.12,15.622442,0.5
-71.57252569,-40.0390514,0.1,14.9306,0.43
-71.57259262,-40.03907839,0.08,14.215726,0.36
-71.57264596,-40.03909987,0.07,12.084594,0.32
-71.57268511,-40.03911562,0.07,10.658921,0.32
-71.57272942,-40.03913345,0.09,10.65651,0.39
-71.57277248,-40.03915075,0.08,9.949374,0.36
-71.57281235,-40.03916679,0.08,9.230673,0.36
-71.57285037,-40.03918208,0.06,9.228822,0.28
-71.57288582,-40.03919633,0.03,8.517975,0.18
-71.57291849,-40.03920947,0.03,7.805721,0.18
-71.57295169,-40.03922282,0.02,8.515003,0.14
-71.57299321,-40.03923953,0.02,9.21862,0.14
-71.57303579,-40.03925669,0.06,10.633635,0.28
-71.57309143,-40.03927913,0.11,14.173573,0.46
-71.57317154,-40.03931149,0.13,15.575032,0.54
-71.5732335,-40.03933655,0.12,14.15299,0.5
-71.57328962,-40.0393593,0.1,12.72822,0.43
-71.57333694,-40.03937852,0.08,10.604161,0.36
-71.57337371,-40.03939348,0.06,9.184568,0.28
-71.57340946,-40.03940805,0.03,8.473659,0.18
-71.57343873,-40.03941999,0.02,7.0588303,0.14
-71.57346708,-40.03943158,0,6.3586936,0.07
-71.57349178,-40.03944168,0,6.351123,0.07
-71.57351532,-40.03945132,0.01,6.3492446,0.1
-71.57354138,-40.03946201,0,6.3484755,0.07
-71.57356645,-40.0394723,0,6.3441725,0.07
-71.5735915,-40.0394826,0,6.344592,0.07
-71.57361618,-40.03949276,0,6.3426657,0.07
-71.57364114,-40.03950305,0,6.3424726,0.07
-71.57366645,-40.03951349,0.05,6.3392515,0.25
-71.57369097,-40.03952355,0.01,6.378502,0.1
-71.57371618,-40.0395337,0.01,6.365892,0.1
-71.5737424,-40.03954434,0.02,6.3544602,0.14
-71.57376663,-40.0395545,0.01,6.3105927,0.1
-71.57379427,-40.03956619,0.03,7.7128034,0.18
-71.57383028,-40.03958144,0,7.710385,0.07
-71.57385746,-40.03959297,0.01,7.0119796,0.1
-71.57388545,-40.03960486,0.06,6.3108273,0.28
-71.57391235,-40.03961631,0.13,7.009151,0.54
-71.57394373,-40.03962966,0.19,7.0142164,0.75
-71.57397482,-40.03964291,0.17,7.0076275,0.68
-71.57401119,-40.0396584,0.13,8.406236,0.54
-71.57405418,-40.0396767,0.18,9.805134,0.72
-71.57409899,-40.0396958,0.18,10.51203,0.72
-71.57414958,-40.03971736,0.21,11.910471,0.83
-71.57420577,-40.03974133,0.25,12.614578,0.97
-71.57426614,-40.03976708,0.28,13.3173065,1.08
-71.57432252,-40.03979111,0.29,14.026932,1.12
-71.57439283,-40.03982102,0.26,14.733763,1.01
-71.5744466,-40.03984386,0.25,13.334356,0.97
-71.57449944,-40.03986626,0.22,13.346171,0.86
-71.57455549,-40.03988999,0.2,12.6548605,0.79
-71.5746095,-40.03991279,0.16,12.657915,0.65
-71.57466798,-40.03993743,0.14,13.375921,0.57
-71.57472514,-40.03996145,0.14,13.3841305,0.57
-71.5747869,-40.03998731,0.13,14.102447,0.54
-71.57484546,-40.04001175,0.13,13.41036,0.54
-71.57490034,-40.04003458,0.12,13.420556,0.5
-71.57495411,-40.04005719,0.13,12.691522,0.54
-71.57501423,-40.04008215,0.14,13.444368,0.57
-71.57507311,-40.040106,0.16,13.520972,0.65
-71.57512783,-40.04012802,0.2,13.532864,0.79
-71.57517773,-40.04014806,0.21,12.1113205,0.83
-71.57523944,-40.04017278,0.2,14.261371,0.79
-71.57530841,-40.04020035,0.18,14.976712,0.72
-71.57536317,-40.04022222,0.19,13.557045,0.75
-71.57541784,-40.04024404,0.21,12.8457,0.83
-71.57548258,-40.04026987,0.19,14.984965,0.75
-71.57555348,-40.04029815,0.17,15.694468,0.68
-71.57561157,-40.04032134,0.17,13.552539,0.68
-71.57566545,-40.04034288,0.17,13.54962,0.68
-71.57572996,-40.04036872,0.17,14.264931,0.68
-71.5757838,-40.04039033,0.17,12.822862,0.68
-71.57584018,-40.04041302,0.22,13.528539,0.86
-71.57590485,-40.04043912,0.28,14.940287,1.08
-71.57597628,-40.04046803,0.33,15.638202,1.26
-71.57604208,-40.04049477,0.39,14.912451,1.48
-71.5760936,-40.04051578,0.39,13.482726,1.48
-71.57615829,-40.04054226,0.32,14.176661,1.23
-71.5762176,-40.04056635,0.26,13.489387,1.01
-71.57627147,-40.04058847,0.24,12.744874,0.94
-71.57632584,-40.04061126,0.24,11.955956,0.94
-71.57637568,-40.04063237,0.23,12.651404,0.9
-71.57643466,-40.04065744,0.23,13.344999,0.9
-71.57649169,-40.04068174,0.26,13.334615,1.01
-71.57654703,-40.04070539,0.3,13.327269,1.15
-71.57660785,-40.04073144,0.33,14.024959,1.26
-71.57666972,-40.04075799,0.31,14.02122,1.19
-71.57673223,-40.04078486,0.32,14.016813,1.23
-71.57679847,-40.04081338,0.34,15.419304,1.3
-71.57687001,-40.04084419,0.34,14.716887,1.3
-71.57691869,-40.04086514,0.35,12.617755,1.33
-71.57697307,-40.04088856,0.35,12.620908,1.33
-71.57703438,-40.04091494,0.32,14.028314,1.23
-71.57710026,-40.04094324,0.3,14.73616,1.15
-71.57716539,-40.04097116,0.28,14.750555,1.08
-71.57722836,-40.04099812,0.25,14.759475,0.97
-71.5772865,-40.04102294,0.24,14.067096,0.94
-71.57734303,-40.04104702,0.28,13.382672,1.08
-71.57740216,-40.04107214,0.32,14.095354,1.23
-71.57747047,-40.04110124,0.42,14.794159,1.59
-71.57753154,-40.04112706,0.45,13.416008,1.7
-71.57758548,-40.0411495,0.43,13.477536,1.62
-71.57763807,-40.04117126,0.36,12.779203,1.37
-71.5776921,-40.04119355,0.29,12.081661,1.12
-71.57773478,-40.04121111,0.25,11.375509,0.97
-71.57779519,-40.0412359,0.29,12.806042,1.12
-71.57785658,-40.04126102,0.33,14.2469225,1.26
-71.57792189,-40.04128766,0.32,12.824798,1.23
-71.57797359,-40.04130868,0.33,13.539517,1.26
-71.57804248,-40.04133661,0.3,15.691449,1.15
-71.57810689,-40.04136268,0.24,14.270122,0.94
-71.5781685,-40.04138756,0.25,14.269215,0.97
-71.57822863,-40.04141179,0.27,13.560443,1.04
-71.57828548,-40.04143466,0.27,14.273254,1.04
-71.57835681,-40.04146332,0.24,15.698838,0.94
-71.57842594,-40.04149105,0.22,15.698877,0.86
-71.57850172,-40.04152143,0.23,15.692983,0.9
-71.57856187,-40.04154553,0.27,14.265957,1.04
-71.5786237,-40.0415703,0.29,13.546762,1.12
-71.57867415,-40.04159052,0.28,12.826061,1.08
-71.57873793,-40.04161599,0.29,14.250071,1.12
-71.57880435,-40.04164259,0.31,13.523356,1.19
-71.57884989,-40.04166092,0.32,12.078302,1.23
-71.57890606,-40.04168355,0.27,13.492093,1.04
-71.57896678,-40.04170803,0.24,14.202517,0.94
-71.57902765,-40.04173262,0.24,14.179301,0.94
-71.57909346,-40.04175921,0.25,14.175273,0.97
-71.57915238,-40.04178303,0.24,13.45169,0.94
-71.57921132,-40.04180689,0.24,14.149923,0.94
-71.57927748,-40.0418337,0.25,14.138105,0.97
-71.57933281,-40.04185615,0.23,13.421977,0.9
-71.57939967,-40.04188332,0.25,14.115363,0.97
-71.57945201,-40.0419046,0.3,12.694869,1.15
-71.5795105,-40.04192841,0.45,14.094578,1.7
-71.57958075,-40.04195705,0.58,14.081962,2.17
-71.57963663,-40.04197985,0.62,13.368653,2.31
-71.5796874,-40.04200057,0.62,12.65998,2.31
-71.57974739,-40.0420251,0.55,13.35017,2.06
-71.5798051,-40.0420487,0.44,13.347297,1.66
-71.57985366,-40.0420686,0.52,12.638638,1.95
-71.57992061,-40.04209607,0.75,14.038191,2.78
-71.57997812,-40.0421197,0.76,13.337376,2.82
-71.58003152,-40.04214164,0.72,13.326646,2.67
-71.58009867,-40.0421692,0.69,14.7019005,2.57
-71.58015893,-40.04219393,0.76,13.99981,2.82
-71.5802165,-40.04221758,0.71,13.2994175,2.64
-71.58027318,-40.0422409,0.65,13.994502,2.42
-71.58033472,-40.04226624,0.69,13.29712,2.57
-71.58038986,-40.04228896,0.73,13.295078,2.71
-71.58044367,-40.04231113,0.72,13.294179,2.67
-71.58049946,-40.04233414,0.52,13.998215,1.95
-71.58056662,-40.04236183,0.34,13.301776,1.3
-71.58062058,-40.04238412,0.29,14.001566,1.12
-71.58068857,-40.04241222,0.27,14.70995,1.04
-71.58074944,-40.0424374,0.27,14.015881,1.04
-71.58080731,-40.04246136,0.25,14.02519,0.97
-71.58087856,-40.04249088,0.22,14.731656,0.86
-71.58093325,-40.04251353,0.19,13.337683,0.75
-71.58097899,-40.04253249,0.22,11.939238,0.86
-71.58103793,-40.04255693,0.23,13.354387,0.9
-71.58108984,-40.04257846,0.22,12.658763,0.86
-71.58114967,-40.04260327,0.2,13.370514,0.79
-71.58120554,-40.04262639,0.16,13.376926,0.65
-71.58126562,-40.04265125,0.14,14.098416,0.57
-71.58132612,-40.04267638,0.15,14.118064,0.61
-71.58139072,-40.04270331,0.16,15.543249,0.65
-71.58147143,-40.04273692,0.15,16.972122,0.61
-71.58154198,-40.04276628,0.14,16.284225,0.57
-71.58161359,-40.04279605,0.14,15.58666,0.57
-71.58167593,-40.04282194,0.16,14.891121,0.65
-71.58174521,-40.04285067,0.17,16.324879,0.68
-71.58181229,-40.04287843,0.17,14.915996,0.68
-71.58186755,-40.04290126,0.16,13.503984,0.65
-71.58191943,-40.04292266,0.16,13.512793,0.65
-71.58197834,-40.04294692,0.14,13.523361,0.57
-71.58203935,-40.04297202,0.15,13.527665,0.61
-71.58209545,-40.04299505,0.16,13.5408,0.65
-71.58214987,-40.04301734,0.15,13.542729,0.61
-71.58220807,-40.04304115,0.16,13.547056,0.65
-71.58226184,-40.0430631,0.15,12.846827,0.61
-71.58232068,-40.04308709,0.19,13.5577135,0.75
-71.58238102,-40.04311164,0.21,13.561375,0.83
-71.58243278,-40.04313266,0.21,12.854546,0.83
-71.58248828,-40.0431553,0.22,12.8408,0.86
-71.58254928,-40.04318007,0.25,13.565904,0.97
-71.582606,-40.04320284,0.27,13.587524,1.04
-71.5826645,-40.04322621,0.27,12.871553,1.04
-71.58271589,-40.04324673,0.29,12.872258,1.12
-71.58277539,-40.04327047,0.29,12.868528,1.12
-71.58283603,-40.04329467,0.3,13.579582,1.15
-71.58289563,-40.04331846,0.35,15.714901,1.33
-71.58298317,-40.04335343,0.37,17.132362,1.41
-71.58304616,-40.04337859,0.36,14.980903,1.37
-71.58310741,-40.0434031,0.32,13.544842,1.23
-71.58315673,-40.04342287,0.33,13.537466,1.26
-71.58322207,-40.04344912,0.36,14.2397585,1.37
-71.58328545,-40.04347464,0.36,14.226117,1.37
-71.58334228,-40.04349756,0.37,12.793185,1.41
-71.58339582,-40.04351923,0.36,12.073814,1.37
-71.58344092,-40.04353752,0.36,11.353729,1.37
-71.58349085,-40.04355782,0.43,12.053485,1.62
-71.58355633,-40.04358453,0.48,14.874006,1.81
-71.58362091,-40.04361097,0.43,14.152855,1.62
-71.58367284,-40.0436323,0.46,12.024253,1.73
-71.58372068,-40.04365199,0.6,12.05039,2.24
-71.58377314,-40.04367354,0.78,12.721058,2.89
-71.583832,-40.04369794,0.92,13.362501,3.4
-71.58388902,-40.0437219,0.95,13.353207,3.51
-71.58394874,-40.04374707,0.91,13.338494,3.36
-71.58400275,-40.04376989,0.84,13.333025,3.11
-71.58406266,-40.04379528,0.78,14.729906,2.89
-71.58412578,-40.04382211,0.77,14.017173,2.86
-71.58418612,-40.04384782,0.86,14.007345,3.18
-71.58425636,-40.04387781,0.93,15.40389,3.44
-71.58432503,-40.04390716,0.85,15.3981495,3.15
-71.58439112,-40.04393545,0.72,14.702224,2.67
-71.58444597,-40.04395894,0.64,13.298343,2.38
-71.58449363,-40.04397936,0.6,11.897832,2.24
-71.58454563,-40.04400166,0.6,13.29751,2.24
-71.58461204,-40.04403012,0.54,14.011048,2.02
-71.58466561,-40.04405305,0.45,12.606822,1.7
-71.58472259,-40.04407744,0.34,13.308566,1.3
-71.58477651,-40.0441005,0.32,13.324816,1.23
-71.58484314,-40.04412896,0.28,14.727159,1.08
-71.58490471,-40.04415522,0.25,14.034505,0.97
-71.58496572,-40.0441812,0.22,14.7250805,0.86
-71.5850378,-40.04421184,0.17,16.159729,0.68
-71.58509816,-40.04423737,0.14,15.508804,0.57
-71.58517025,-40.04426771,0.14,15.521703,0.57
-71.58523893,-40.04429653,0.16,15.531555,0.65
-71.58530787,-40.04432537,0.18,15.545948,0.72
-71.58537645,-40.04435396,0.2,14.143045,0.79
-71.58542979,-40.04437612,0.2,13.445017,0.79
-71.58548361,-40.04439842,0.22,12.744365,0.86
-71.58553971,-40.0444216,0.21,12.750589,0.83
-71.5856004,-40.0444466,0.2,14.884172,0.79
-71.58567204,-40.04447601,0.18,14.892385,0.72
-71.58572509,-40.04449773,0.19,14.188176,0.75
-71.58579863,-40.04452773,0.2,14.912514,0.79
-71.58585836,-40.04455203,0.19,14.909361,0.75
-71.58591874,-40.04457652,0.22,15.6236315,0.86
-71.58599517,-40.04460744,0.23,15.628495,0.9
-71.58605677,-40.04463228,0.26,14.211051,1.01
-71.58611958,-40.04465756,0.28,13.509369,1.08
-71.58617843,-40.04468119,0.29,14.925826,1.12
-71.58625227,-40.04471082,0.3,16.35633,1.15
-71.58631751,-40.04473692,0.32,14.925031,1.23
-71.58636781,-40.04475698,0.32,12.780369,1.23
-71.58642773,-40.04478079,0.34,13.487726,1.3
-71.58647997,-40.04480152,0.35,12.776001,1.33
-71.58653661,-40.04482398,0.35,12.775455,1.33
-71.58659685,-40.04484787,0.33,13.483608,1.26
-71.58664835,-40.04486829,0.3,12.065344,1.15
-71.58670193,-40.04488954,0.27,12.775626,1.04
-71.58677084,-40.04491688,0.24,15.605315,0.94
-71.58684181,-40.04494507,0.26,14.89194,1.01
-71.58689564,-40.04496646,0.27,13.474165,1.04
-71.58695163,-40.04498876,0.28,13.47254,1.08
-71.58700659,-40.04501067,0.29,14.178113,1.12
-71.58708067,-40.04504026,0.3,15.590016,1.15
-71.58715394,-40.04506962,0.3,15.587628,1.15
-71.58721347,-40.04509353,0.32,13.457239,1.23
-71.58725581,-40.04511057,0.34,11.329745,1.3
-71.5873073,-40.04513134,0.37,13.451644,1.41
-71.58738124,-40.04516124,0.32,14.154561,1.23
-71.58743005,-40.04518104,0.26,12.029564,1.01
-71.58748196,-40.04520215,0.25,13.429413,0.97
-71.58754659,-40.04522849,0.26,14.137274,1.01
-71.58759776,-40.04524943,0.25,12.032236,0.97
-71.58765817,-40.04527432,0.26,14.150602,1.01
-71.58772391,-40.04530151,0.26,14.144306,1.01
-71.58778019,-40.04532485,0.25,13.435296,0.97
-71.58783791,-40.04534886,0.24,14.136707,0.94
-71.58790625,-40.04537739,0.24,14.127192,0.94
-71.587964,-40.04540157,0.26,13.416779,1.01
-71.58801609,-40.04542344,0.27,12.7072,1.04
-71.58806947,-40.04544592,0.25,12.705295,0.97
-71.58813381,-40.0454731,0.26,14.813171,1.01
-71.58820162,-40.04550181,0.3,14.805891,1.15
-71.58826916,-40.04553048,0.29,15.5034485,1.12
-71.58833523,-40.0455586,0.29,15.497723,1.12
-71.58839915,-40.04558587,0.32,14.0855255,1.23
-71.58846004,-40.04561189,0.36,14.075264,1.37
-71.58852399,-40.04563926,0.36,14.067213,1.37
-71.58858281,-40.04566448,0.32,13.368207,1.23
-71.58864353,-40.04569053,0.29,14.054926,1.12
-71.58870006,-40.04571481,0.34,13.347387,1.3
-71.58876201,-40.04574141,0.34,14.062607,1.3
-71.5888228,-40.04576754,0.3,14.746277,1.15
-71.58888476,-40.04579424,0.28,14.009146,1.08
-71.58894651,-40.04582089,0.26,13.306198,1.01
-71.58899492,-40.04584179,0.28,12.607093,1.08
-71.58905345,-40.04586702,0.31,12.607748,1.19
-71.58910745,-40.04589029,0.28,13.310883,1.08
-71.58917323,-40.04591861,0.21,14.71469,0.83
-71.58923638,-40.04594575,0.21,15.417887,0.83
-71.58930586,-40.04597558,0.23,14.7218895,0.9
-71.58936549,-40.04600113,0.23,14.029255,0.9
-71.58941985,-40.04602438,0.21,11.93328,0.83
-71.58946571,-40.04604395,0.19,11.937361,0.75
-71.58952123,-40.04606758,0.18,12.646086,0.72
-71.58957368,-40.04608988,0.16,11.953298,0.65
-71.58962068,-40.04610983,0.21,11.961575,0.83
-71.58967561,-40.04613308,0.31,12.668438,1.19
-71.58973035,-40.0461562,0.34,12.679741,1.3
-71.58978948,-40.04618109,0.36,13.39516,1.37
-71.5898488,-40.04620599,0.36,12.703751,1.37
-71.589897,-40.04622617,0.32,12.005373,1.23
-71.58994721,-40.04624713,0.3,12.719646,1.15
-71.59001204,-40.04627421,0.29,13.419174,1.12
-71.59006786,-40.04629744,0.29,14.155227,1.12
-71.59013612,-40.04632557,0.29,14.91609,1.12
-71.5902044,-40.04635354,0.33,14.924967,1.26
-71.59026326,-40.04637758,0.34,14.227055,1.3
-71.59031397,-40.04639824,0.32,12.814428,1.23
-71.59037653,-40.04642368,0.26,13.533486,1.01
-71.5904258,-40.04644368,0.22,12.115498,0.86
-71.5904857,-40.04646796,0.22,13.546935,0.86
-71.59054412,-40.04649162,0.22,13.551368,0.86
-71.59059316,-40.04651146,0.24,12.844366,0.94
-71.5906594,-40.04653822,0.25,14.273879,0.97
-71.59072148,-40.04656329,0.26,13.567759,1.01
-71.590771,-40.04658328,0.28,12.852151,1.08
-71.59083555,-40.04660932,0.31,13.566496,1.19
-71.59088305,-40.04662848,0.34,12.855518,1.3
-71.59094726,-40.04665441,0.45,14.281993,1.7
-71.59101468,-40.04668163,0.49,14.276062,1.84
-71.59107312,-40.04670524,0.47,12.849832,1.77
-71.59112629,-40.04672673,0.41,12.129635,1.55
-71.59117982,-40.04674837,0.33,12.840422,1.26
-71.59123589,-40.04677106,0.32,14.268219,1.23
-71.59131857,-40.04680449,0.34,16.391142,1.3
-71.59138041,-40.04682963,0.33,14.232005,1.26
-71.59142993,-40.04684992,0.3,12.802001,1.15
-71.59149418,-40.04687627,0.28,13.515213,1.08
-71.59154931,-40.04689889,0.28,13.49898,1.08
-71.59160389,-40.04692133,0.29,13.48883,1.12
-71.59166324,-40.04694576,0.31,13.482083,1.19
-71.5917224,-40.04697012,0.32,14.185352,1.23
-71.59178645,-40.04699653,0.29,14.173659,1.12
-71.59184546,-40.04702088,0.27,13.461128,1.04
-71.59190321,-40.04704474,0.31,13.448831,1.19
-71.59195312,-40.04706536,0.32,12.02679,1.23
-71.59201187,-40.04708967,0.33,14.138507,1.26
-71.59208179,-40.04711859,0.3,15.543565,1.15
-71.59215069,-40.04714708,0.26,14.828453,1.01
-71.59220811,-40.04717086,0.28,14.817007,1.08
-71.59227606,-40.047199,0.28,15.5131855,1.08
-71.59234405,-40.04722714,0.27,14.800887,1.04
-71.59240447,-40.04725216,0.28,14.089565,1.08
-71.59245473,-40.04727296,0.3,13.379738,1.15
-71.59252768,-40.04730319,0.3,15.492026,1.15
-71.59258967,-40.04732887,0.27,13.369248,1.04
-71.59263712,-40.04734845,0.25,12.649925,0.97
-71.59269807,-40.04737353,0.27,14.0498295,1.04
-71.59276654,-40.0474017,0.27,14.751156,1.04
-71.59283358,-40.04742927,0.26,14.746684,1.01
-71.59288503,-40.04745043,0.28,12.6411085,1.08
-71.59293639,-40.04747154,0.3,12.640261,1.15
-71.5929983,-40.04749697,0.31,14.043729,1.19
-71.59306312,-40.04752361,0.31,13.352734,1.19
-71.59311565,-40.04754519,0.29,14.050923,1.12
-71.59318627,-40.04757423,0.32,14.053236,1.23
-71.59324047,-40.04759652,0.44,14.063167,1.66
-71.59330976,-40.047625,0.46,14.062732,1.73
-71.59336616,-40.04764816,0.38,12.664664,1.44
-71.59341293,-40.04766741,0.35,11.260351,1.33
-71.59353099,-40.04771608,1.02,13.381058,3.76
-71.59358249,-40.04773728,1.05,12.6938925,3.87
-71.59364102,-40.04776138,0.98,14.100989,3.62
-71.59371182,-40.04779051,0.72,14.106159,2.67
-71.59376303,-40.04781157,0.43,11.983562,1.62
-71.59380884,-40.04783041,0.34,11.998346,1.3
-71.59386598,-40.04785397,0.3,13.428644,1.15
-71.59392735,-40.04787937,0.29,14.8706665,1.12
-71.59400122,-40.04790997,0.26,15.586991,1.01
-71.59405857,-40.04793375,0.26,13.46583,1.01
-71.59410925,-40.04795476,0.25,12.764529,0.97
-71.59416709,-40.04797877,0.24,13.480849,0.94
-71.59423248,-40.04800591,0.26,15.61922,1.01
-71.59430571,-40.04803633,0.26,14.913309,1.01
-71.59435398,-40.04805638,0.26,12.792445,1.01
-71.59441817,-40.04808307,0.26,15.63733,1.01
-71.59449874,-40.04811657,0.29,16.358276,1.12
-71.5945564,-40.04814054,0.29,14.223652,1.12
-71.59462551,-40.04816929,0.29,14.936291,1.12
-71.59468525,-40.04819413,0.24,14.939755,0.94
-71.59475312,-40.04822235,0.18,15.653655,0.72
-71.59482033,-40.04825029,0.14,15.65777,0.57
-71.59489272,-40.04828042,0.15,14.950361,0.61
-71.59494885,-40.04830377,0.17,13.520261,0.68
-71.59499955,-40.04832486,0.19,12.809314,0.75
-71.59505411,-40.04834759,0.21,12.8143635,0.83
-71.59511757,-40.048374,0.19,14.231403,0.75
-71.59518257,-40.04840098,0.16,13.511109,0.65
-71.59523659,-40.04842338,0.13,12.794307,0.54
-71.5952898,-40.04844544,0.08,12.791126,0.36
-71.5953499,-40.04847036,0.07,14.211733,0.32
-71.59542304,-40.04850069,0.09,17.759533,0.39
-71.59552528,-40.0485431,0.09,21.313744,0.39
-71.59561857,-40.04858182,0.08,20.58986,0.36
-71.59569784,-40.04861474,0.07,17.74739,0.32
-71.59575876,-40.04864005,0.12,14.197517,0.5
-71.59580582,-40.04865961,0.1,11.358008,0.43
-71.59584399,-40.04867548,0.12,9.937762,0.5
-71.59588981,-40.04869452,0.13,10.645838,0.54
-71.59594069,-40.04871569,0.11,12.0626745,0.46
-71.59600515,-40.04874254,0.27,14.898058,1.04
-71.59607258,-40.04877061,0.25,14.893853,0.97
-71.59612926,-40.04879421,0.14,14.180185,0.57
-71.59619311,-40.04882079,0.08,15.594204,0.36
-71.59628295,-40.0488582,0.05,19.131521,0.25
-71.5963632,-40.04889167,0.14,17.714859,0.57
-71.59642646,-40.04891812,0.26,15.590911,1.01
-71.59648911,-40.04894442,0.49,13.459571,1.84
-71.59654117,-40.04896626,0.54,12.749036,2.02
-71.59659456,-40.04898863,0.66,12.745433,2.46
-71.5966496,-40.04901172,0.77,12.744942,2.86
-71.59671102,-40.04903746,0.81,12.742183,3
-71.59676273,-40.04905911,0.63,12.030657,2.35
-71.59680942,-40.04907862,0.4,12.028766,1.52
-71.5968613,-40.04910033,0.35,12.739015,1.33
-71.59692661,-40.04912766,0.42,13.444186,1.59
-71.59698114,-40.04915046,0.49,12.734904,1.84
-71.59703418,-40.0491726,0.44,12.730868,1.66
-71.59708971,-40.04919575,0.35,11.31724,1.33
-71.59713269,-40.04921366,0.28,10.608594,1.08
-71.5971838,-40.04923495,0.25,12.732134,0.97
-71.59725092,-40.04926287,0.21,14.137781,0.83
-71.59730667,-40.04928604,0.21,13.429667,0.83
-71.59736827,-40.04931159,0.18,14.133275,0.72
-71.5974317,-40.04933787,0.19,14.131051,0.75
-71.5974915,-40.0493626,0.2,13.4281025,0.79
-71.59754159,-40.04938332,0.25,11.307151,0.97
-71.59758403,-40.04940092,0.36,10.593286,1.37
-71.59762994,-40.0494199,0.5,12.018013,1.88
-71.59769562,-40.04944687,0.68,14.133385,2.53
-71.59775677,-40.04947189,0.76,14.139156,2.82
-71.59781868,-40.04949718,0.76,14.128248,2.82
-71.59787737,-40.0495211,0.71,13.4245,2.64
-71.59793867,-40.04954606,0.56,13.41619,2.1
-71.597991,-40.04956735,0.4,13.414331,1.52
-71.5980498,-40.04959126,0.33,14.120681,1.26
-71.59811619,-40.04961825,0.34,14.82234,1.3
-71.59818168,-40.04964489,0.42,14.113539,1.59
-71.59823173,-40.04966523,0.51,13.404695,1.91
-71.59829738,-40.0496919,0.51,13.402255,1.91
-71.59834658,-40.04971186,0.34,11.988684,1.3
-71.59838989,-40.04972943,0.22,11.283657,0.86
-71.59843634,-40.04974828,0.18,10.576707,0.72
-71.59848806,-40.04976928,0.16,12.690842,0.65
-71.5985542,-40.04979616,0.15,14.105101,0.61
-71.59861342,-40.04982025,0.17,12.686979,0.68
-71.59867297,-40.04984447,0.22,14.79587,0.86
-71.59873987,-40.0498717,0.3,14.800847,1.15
-71.59879564,-40.0498944,0.38,14.104228,1.44
-71.59886264,-40.04992163,0.45,14.796854,1.7
-71.59892694,-40.04994788,0.51,14.776301,1.91
-71.59898962,-40.04997362,0.56,14.068972,2.1
-71.59904465,-40.04999622,0.56,13.363403,2.1
-71.59910619,-40.05002152,0.55,14.77511,2.06
-71.59917204,-40.05004861,0.6,14.073272,2.24
-71.59922778,-40.05007154,0.68,14.079789,2.53
-71.59928682,-40.05009582,0.66,12.6702175,2.46
-71.59933806,-40.05011689,0.6,11.975001,2.24
-71.59939185,-40.05013904,0.59,12.678991,2.2
-71.59944766,-40.05016205,1.27,12.68558,4.67
-71.59950574,-40.05018598,1.21,14.103946,4.45
-71.59957981,-40.05021644,1.37,14.80488,5.03
-71.59963449,-40.0502389,1.49,13.401929,5.46
-71.59969035,-40.05026184,1.44,13.407362,5.28
-71.59974832,-40.05028563,1.37,13.413607,5.03
-71.59979959,-40.05030662,1.02,12.714337,3.76
-71.59985458,-40.0503291,0.64,12.71782,2.38
-71.59991462,-40.05035367,0.46,12.724886,1.73
-71.59996188,-40.05037302,0.43,12.020846,1.62
-71.60002308,-40.05039806,0.44,14.148188,1.66
-71.60008571,-40.05042378,0.55,13.433437,2.06
-71.60014588,-40.05044843,0.59,14.161614,2.2
-71.60020528,-40.05047255,0.56,12.777752,2.1
-71.60025664,-40.05049335,0.51,12.783108,1.91
-71.60031446,-40.05051676,0.42,12.784432,1.59
-71.60036952,-40.05053904,0.36,12.786762,1.37
-71.60042971,-40.0505634,0.31,13.508295,1.19
-71.60049204,-40.05058865,0.28,14.213165,1.08
-71.6005525,-40.05061314,0.25,14.218632,0.97
-71.6006183,-40.0506398,0.24,14.217497,0.94
-71.60067798,-40.05066401,0.24,13.506938,0.94
-71.60073557,-40.0506874,0.24,13.50962,0.94
-71.60079151,-40.05071015,0.23,13.504013,0.9
-71.60084789,-40.05073308,0.24,14.215371,0.94
-71.60092194,-40.05076327,0.27,15.633159,1.04
-71.60099351,-40.05079251,0.39,15.630161,1.48
-71.60105599,-40.05081807,0.51,13.4961195,1.91
-71.60109942,-40.05083587,0.56,12.783543,2.1
-71.60117313,-40.05086611,0.53,14.903961,1.99
-71.60123404,-40.05089113,0.48,14.9056,1.81
-71.60129213,-40.05091504,0.47,13.475843,1.77
-71.6013435,-40.0509361,0.45,12.77367,1.7
-71.60140683,-40.0509622,0.43,14.173401,1.62
-71.60147292,-40.05098973,0.4,14.851346,1.52
-71.60153653,-40.05101632,0.34,14.843301,1.3
-71.60159939,-40.05104262,0.28,14.131153,1.08
-71.60165411,-40.05106554,0.28,13.419346,1.08
-71.60170977,-40.05108888,0.28,13.414414,1.08
-71.60177325,-40.05111552,0.31,14.117405,1.19
-71.60182846,-40.05113871,0.32,13.410312,1.23
-71.60189147,-40.05116519,0.31,14.121102,1.19
-71.60194871,-40.05118925,0.28,13.402668,1.08
-71.60200971,-40.05121487,0.25,14.811231,0.97
-71.60206995,-40.05124015,0.23,13.402042,0.9
-71.6021257,-40.05126355,0.24,14.105694,0.94
-71.60219659,-40.05129328,0.26,14.815351,1.01
-71.60225409,-40.05131738,0.25,14.80803,0.97
-71.60231763,-40.05134398,0.28,14.104574,1.08
-71.60238141,-40.05137066,0.48,14.100886,1.81
-71.60243898,-40.05139471,0.68,13.401394,2.53
-71.60249913,-40.05141979,0.79,14.104279,2.93
-71.60255872,-40.05144459,0.78,13.3998165,2.89
-71.60261151,-40.05146659,0.67,14.099278,2.49
-71.60268921,-40.05149879,0.46,15.522872,1.73
-71.60274793,-40.05152292,0.43,13.421175,1.62
-71.60279897,-40.05154386,0.38,12.717863,1.44
-71.60285625,-40.05156731,0.32,14.130427,1.23
-71.60292952,-40.05159728,0.26,14.837881,1.01
-71.60298434,-40.05161967,0.23,14.1335945,0.9
-71.60305569,-40.05164877,0.2,14.843211,0.79
-71.60310781,-40.05167001,0.2,12.725182,0.79
-71.60316541,-40.05169346,0.21,13.431369,0.83
-71.60322487,-40.05171766,0.25,14.845543,0.97
-71.60329509,-40.05174621,0.29,15.551903,1.12
-71.60336112,-40.05177304,0.35,14.8443575,1.33
-71.6034185,-40.05179635,0.36,13.432008,1.37
-71.60347052,-40.05181747,0.37,13.433266,1.41
-71.60353533,-40.05184379,0.37,14.845471,1.41
-71.60359835,-40.0518694,0.38,14.141208,1.44
-71.6036575,-40.05189345,0.48,13.429903,1.81
-71.6037116,-40.05191545,0.53,14.142766,1.99
-71.60378179,-40.051944,0.49,14.137583,1.84
-71.60383656,-40.05196627,0.37,14.139996,1.41
-71.60390682,-40.05199485,0.28,14.138349,1.08
-71.60396015,-40.05201661,0.26,12.711187,1.01
-71.60402544,-40.05204333,0.27,14.122569,1.04
-71.60408615,-40.05206818,0.28,13.416751,1.08
-71.60413358,-40.05208764,0.33,12.002322,1.26
-71.60418518,-40.05210883,0.34,14.122925,1.3
-71.60426359,-40.05214106,0.3,14.829025,1.15
-71.60431303,-40.0521614,0.26,12.708118,1.01
-71.6043674,-40.05218381,0.27,12.713367,1.04
-71.60442686,-40.05220835,0.31,13.415121,1.19
-71.60448371,-40.05223183,0.28,13.420871,1.08
-71.60454289,-40.05225628,0.23,14.1233015,0.9
-71.6046084,-40.0522834,0.19,14.125986,0.75
-71.60466828,-40.05230823,0.18,14.127509,0.72
-71.60473567,-40.05233621,0.19,14.835764,0.75
-71.60479428,-40.05236056,0.19,13.422206,0.75
-71.60484511,-40.0523817,0.19,13.423244,0.75
-71.60490697,-40.05240745,0.22,14.1339855,0.86
-71.60496743,-40.05243265,0.33,13.42972,1.26
-71.60502346,-40.05245603,0.37,13.435746,1.41
-71.60507477,-40.05247744,0.34,12.730084,1.3
-71.60513737,-40.05250356,0.27,13.438844,1.04
-71.60519868,-40.0525292,0.36,14.85215,1.37
-71.60526037,-40.05255507,0.55,14.1486635,2.06
-71.60532063,-40.05258033,0.52,12.736287,1.95
-71.60536582,-40.05259927,0.48,11.321387,1.81
-71.60541902,-40.05262158,0.48,12.7380295,1.81
-71.60549471,-40.05265332,0.42,15.572358,1.59
-71.60556369,-40.05268223,0.32,14.870416,1.23
-71.60561364,-40.05270316,0.24,12.747615,0.94
-71.60566753,-40.05272574,0.25,13.463477,0.97
-71.60573737,-40.052755,0.3,15.592109,1.15
-71.60580739,-40.05278432,0.26,14.884164,1.01
-71.60586478,-40.05280834,0.25,14.178346,0.97
-71.6059283,-40.05283489,0.25,14.889852,0.97
-71.60598622,-40.0528591,0.26,12.768643,1.01
-71.60603991,-40.05288152,0.25,12.766605,0.97
-71.60610128,-40.05290711,0.25,13.479496,0.97
-71.60615396,-40.05292906,0.26,13.479956,1.01
-71.60622201,-40.05295739,0.27,15.6131525,1.04
-71.6062928,-40.05298682,0.31,14.900335,1.19
-71.60635092,-40.053011,0.3,14.891765,1.15
-71.60641862,-40.05303912,0.29,14.191896,1.12
-71.60646641,-40.05305888,0.25,12.798173,0.97
-71.60652824,-40.05308435,0.26,13.508403,1.01
-71.60658488,-40.05310766,0.27,12.792384,1.04
-71.60663632,-40.05312879,0.27,12.791114,1.04
-71.60669518,-40.05315296,0.27,12.077687,1.04
-71.60674447,-40.0531732,0.34,12.077198,1.3
-71.6067922,-40.05319278,0.37,12.071606,1.41
-71.60684578,-40.05321474,0.35,12.776323,1.33
-71.60691004,-40.05324108,0.32,14.195498,1.23
-71.60697414,-40.05326734,0.3,14.185684,1.15
-71.60703592,-40.05329265,0.27,14.178181,1.04
-71.6071019,-40.05331968,0.27,14.877545,1.04
-71.60716446,-40.0533453,0.29,14.158989,1.12
-71.60721976,-40.05336796,0.28,13.445994,1.08
-71.60728373,-40.05339417,0.26,14.852251,1.01
-71.60734897,-40.0534209,0.25,14.840368,0.97
-71.60740874,-40.05344541,0.28,14.128391,1.08
-71.6074709,-40.05347092,0.29,14.825357,1.12
-71.60753465,-40.05349708,0.28,14.106332,1.08
-71.60759461,-40.05352165,0.29,14.13229,1.12
-71.60765537,-40.05354649,0.26,13.39809,1.01
-71.60771585,-40.05357133,0.23,14.746631,0.9
-71.60778171,-40.05359866,0.22,14.043454,0.86
-71.60783578,-40.05362111,0.23,13.336012,0.9
-71.60789252,-40.05364468,0.35,13.33073,1.33
-71.60795004,-40.05366855,0.44,14.028091,1.66
-71.60801549,-40.05369569,0.41,14.020528,1.55
-71.60807176,-40.05371901,0.33,13.319679,1.26
-71.60813127,-40.05374365,0.28,14.021415,1.08
-71.6082034,-40.05377348,0.27,15.421749,1.04
-71.60826925,-40.0538007,0.28,14.722865,1.08
-71.60832516,-40.05382378,0.3,14.024593,1.15
-71.60838929,-40.05385022,0.3,14.03164,1.15
-71.60845179,-40.05387594,0.29,14.03371,1.12
-71.60851043,-40.05390003,0.26,13.338581,1.01
-71.60856404,-40.05392203,0.25,12.640755,0.97
-71.60861634,-40.05394347,0.26,11.946233,1.01
-71.60866893,-40.05396499,0.24,12.6588545,0.94
-71.60872631,-40.05398843,0.25,13.364943,0.97
-71.60878261,-40.0540114,0.27,12.671359,1.04
-71.60883593,-40.05403312,0.24,12.676998,0.94
-71.60889836,-40.05405878,0.26,13.378286,1.01
-71.60895355,-40.05408122,0.3,14.110308,1.15
-71.60902554,-40.05411002,0.29,14.860907,1.12
-71.60907927,-40.05413147,0.24,13.454874,0.94
-71.60913416,-40.05415338,0.26,13.462545,1.01
-71.60919555,-40.05417789,0.34,13.468568,1.3
-71.60924314,-40.05419692,0.47,12.057728,1.77
-71.60929282,-40.05421678,0.58,12.059459,2.17
-71.60934951,-40.05423948,0.65,13.487719,2.42
-71.60941395,-40.05426533,0.63,14.913461,2.35
-71.60947292,-40.05428903,0.61,14.20079,2.28
-71.60952995,-40.054312,0.6,13.497431,2.24
-71.60959047,-40.05433643,0.55,14.20715,2.06
-71.60965531,-40.05436269,0.42,13.502676,1.59
-71.6097127,-40.05438603,0.39,14.21179,1.48
-71.60977828,-40.0544128,0.39,14.211716,1.48
-71.60984448,-40.05443993,0.35,14.925056,1.33
-71.6099032,-40.05446412,0.33,14.211295,1.26
-71.6099617,-40.0544883,0.3,12.791237,1.15
-71.61001643,-40.054511,0.26,12.077642,1.01
-71.6100604,-40.05452932,0.25,12.078467,0.97
-71.61011876,-40.05455358,0.27,14.222265,1.04
-71.61019219,-40.05458425,0.3,14.907779,1.15
-71.61025171,-40.05460959,0.31,15.580909,1.19
-71.61032646,-40.0546419,0.33,14.86621,1.26
-71.61037947,-40.05466489,0.35,12.738905,1.33
-71.61042906,-40.05468643,0.38,12.738296,1.44
-71.61049155,-40.05471363,0.34,13.444215,1.3
-71.61055222,-40.05474006,0.29,14.857915,1.12
-71.6106229,-40.05477091,0.35,15.559873,1.33
-71.61068543,-40.05479821,0.46,14.150874,1.73
-71.61073899,-40.05482158,0.48,12.727512,1.81
-71.61079537,-40.05484615,0.38,12.727834,1.44
-71.61085656,-40.0548728,0.35,14.143714,1.33
-71.6109302,-40.0549048,0.28,15.5549,1.08
-71.61099596,-40.0549333,0.24,14.84904,0.94
-71.61104579,-40.05495483,0.25,12.729458,0.97
-71.61111469,-40.05498451,0.25,14.850986,0.97
-71.61118009,-40.05501258,0.2,14.853985,0.79
-71.61123083,-40.05503428,0.19,13.443021,0.75
-71.61121363,-40.05502693,0.19,13.445377,0.75
-71.61126926,-40.05505066,0.19,13.440712,0.75
-71.61133151,-40.05507709,0.23,14.149408,0.9
-71.61139584,-40.0551045,0.23,15.55925,0.9
-71.61146989,-40.05513572,0.27,14.863525,1.04
-71.61151811,-40.0551556,0.31,13.4857855,1.19
-71.61157772,-40.05517996,0.3,12.77076,1.15
-71.61162931,-40.05520095,0.23,12.059614,0.9
-71.61168445,-40.05522328,0.2,14.1855755,0.79
-71.61175618,-40.05525225,0.2,14.186632,0.79
-71.61181044,-40.05527409,0.23,13.478261,0.9
-71.6118693,-40.05529772,0.27,14.178822,1.04
-71.61193756,-40.05532503,0.3,14.176359,1.15
-71.61199627,-40.05534848,0.31,14.172374,1.19
-71.61206447,-40.05537566,0.32,15.585326,1.23
-71.61213735,-40.05540466,0.3,14.867223,1.15
-71.61219117,-40.05542605,0.31,13.4491825,1.19
-71.61224236,-40.05544641,0.33,12.736357,1.26
-71.61230441,-40.05547109,0.32,12.733085,1.23
-71.6123533,-40.05549055,0.33,12.723969,1.26
-71.61242005,-40.05551713,0.37,14.8387165,1.41
-71.61248253,-40.05554204,0.37,14.82898,1.41
-71.61254812,-40.05556823,0.34,14.820037,1.3
-71.61261126,-40.0555935,0.3,14.107177,1.15
-71.6126595,-40.05561269,0.3,12.000836,1.15
-71.61271499,-40.05563494,0.35,13.391435,1.33
-71.61277661,-40.05565998,0.42,13.358919,1.59
-71.61282098,-40.05567813,0.47,11.946782,1.77
-71.61287556,-40.05570049,0.45,13.345944,1.7
-71.61293669,-40.05572559,0.4,14.046463,1.52
-71.61300379,-40.05575322,0.38,14.036454,1.44
-71.61305411,-40.05577398,0.39,12.6326685,1.48
-71.61312023,-40.0558013,0.34,14.03656,1.3
-71.6131771,-40.05582485,0.3,13.338103,1.15
-71.61323318,-40.05584814,0.29,13.329339,1.12
-71.61329273,-40.05587289,0.3,12.627856,1.15
-71.61333811,-40.05589178,0.28,11.926975,1.08
-71.61339028,-40.0559135,0.27,12.629253,1.04
-71.6134517,-40.05593912,0.23,12.633429,0.9
-71.61350733,-40.05596235,0.24,14.04043,0.94
-71.61358373,-40.05599428,0.27,14.746014,1.04
-71.61362875,-40.0560131,0.26,12.644126,1.01
-71.61369035,-40.05603887,0.26,12.647862,1.01
-71.61374085,-40.05606,0.29,11.951253,1.12
-71.61378775,-40.05607964,0.39,11.959375,1.48
-71.613844,-40.05610317,0.44,12.668151,1.66
-71.6138942,-40.05612421,0.49,11.956206,1.84
-71.61394787,-40.05614669,0.54,13.383139,2.02
-71.61401261,-40.05617368,0.47,14.114044,1.77
-71.61407078,-40.05619784,0.34,13.4137745,1.3
-71.61412533,-40.0562205,0.31,12.716166,1.19
-71.61418311,-40.05624451,0.34,13.426149,1.3
-71.61423721,-40.05626696,0.34,12.018842,1.3
-71.61428399,-40.05628635,0.35,12.732387,1.33
-71.61435296,-40.05631492,0.3,14.152027,1.15
-71.61440984,-40.05633847,0.27,12.741491,1.04
-71.61446179,-40.05635996,0.26,13.456655,1.01
-71.61452491,-40.05638607,0.29,13.462883,1.12
-71.61457462,-40.05640661,0.32,12.753714,1.23
-71.61463639,-40.05643211,0.36,14.178546,1.37
-71.61470054,-40.05645857,0.37,12.771767,1.41
-71.6147519,-40.05647974,0.35,12.056691,1.33
-71.61479861,-40.05649898,0.38,11.3538265,1.44
-71.61484959,-40.05651997,0.4,12.062155,1.52
-71.61490791,-40.05654396,0.42,14.193426,1.59
-71.61498061,-40.05657384,0.43,14.90358,1.62
-71.6150331,-40.05659542,0.45,14.2021475,1.7
-71.61509998,-40.0566229,0.5,13.487675,1.88
-71.61515025,-40.05664352,0.53,12.778446,1.99
-71.61520961,-40.05666785,0.42,12.777691,1.59
-71.61526264,-40.05668959,0.31,13.482544,1.19
-71.61533461,-40.05671911,0.31,14.904398,1.19
-71.61539435,-40.05674363,0.4,14.19265,1.52
-71.61545201,-40.0567673,0.51,13.483268,1.91
-71.61550074,-40.05678728,0.5,12.063754,1.88
-71.615554,-40.05680911,0.39,12.772865,1.48
-71.61561186,-40.05683283,0.33,12.773146,1.26
-71.61566237,-40.05685354,0.29,12.059838,1.12
-71.6157161,-40.05687557,0.3,12.765751,1.15
-71.61577907,-40.05690141,0.41,13.474173,1.55
-71.61583097,-40.05692269,0.45,12.056706,1.7
-71.61587804,-40.05694199,0.37,12.052874,1.41
-71.61593228,-40.05696423,0.32,13.467845,1.23
-71.61599013,-40.05698795,0.27,12.759329,1.04
-71.61604848,-40.05701191,0.33,12.754772,1.26
-71.61610314,-40.05703436,0.37,13.463456,1.41
-71.61616134,-40.05705827,0.33,12.75248,1.26
-71.61621229,-40.05707921,0.3,12.038786,1.15
-71.616266,-40.0571013,0.29,12.747463,1.12
-71.61632134,-40.05712407,0.34,12.744991,1.3
-71.61638318,-40.05714955,0.4,13.461314,1.52
-71.61643986,-40.05717296,0.51,13.452793,1.91
-71.61649446,-40.05719549,0.52,13.44756,1.95
-71.61655089,-40.05721873,0.41,13.438446,1.55
-71.61661181,-40.05724383,0.32,13.432674,1.23
-71.61666795,-40.05726699,0.3,13.434539,1.15
-71.61671468,-40.0572863,0.32,13.433693,1.23
-71.61678373,-40.05731487,0.31,14.84965,1.19
-71.61684801,-40.0573415,0.38,14.847988,1.44
-71.61690936,-40.05736696,0.42,14.138239,1.59
-71.61696801,-40.05739132,0.39,13.433052,1.48
-71.6170217,-40.05741366,0.37,12.72721,1.41
-71.61707761,-40.05743696,0.35,12.727824,1.33
-71.61713139,-40.05745939,0.32,12.728933,1.23
-71.61719394,-40.05748552,0.27,14.147773,1.04
-71.61726058,-40.05751341,0.24,14.149034,0.94
-71.61732119,-40.05753883,0.3,14.151864,1.15
-71.61738423,-40.05756532,0.32,13.455801,1.23
-71.61743251,-40.05758563,0.32,12.740922,1.23
-71.61749433,-40.05761168,0.38,13.452126,1.44
-71.61755305,-40.05763644,0.4,12.744335,1.52
-71.61760322,-40.05765762,0.38,13.459421,1.44
-71.61767356,-40.05768734,0.33,14.157152,1.26
-71.61772738,-40.0577101,0.31,13.459981,1.19
-71.61778535,-40.0577347,0.32,14.897775,1.23
-71.61785632,-40.0577649,0.31,14.906672,1.19
-71.61791114,-40.05778824,0.28,14.196874,1.08
-71.61798026,-40.05781769,0.3,14.1944685,1.15
-71.61803556,-40.05784127,0.29,13.487544,1.12
-71.61809308,-40.05786579,0.27,14.196993,1.04
-71.61816484,-40.0578964,0.29,14.902687,1.12
-71.61822185,-40.05792071,0.26,14.195302,1.01
-71.61827717,-40.0579443,0.29,13.48005,1.12
-71.61834846,-40.05797468,0.34,15.60528,1.3
-71.61841281,-40.05800208,0.32,14.182825,1.23
-71.61847127,-40.05802695,0.29,13.469339,1.12
-71.61852614,-40.05805027,0.26,13.469162,1.01
-71.61858327,-40.05807453,0.28,13.462761,1.08
-71.6186477,-40.05810184,0.3,15.581208,1.15
-71.61871804,-40.05813161,0.31,14.869472,1.19
-71.61877786,-40.05815689,0.31,14.865391,1.19
-71.61884411,-40.05818481,0.27,14.855645,1.04
-71.61890667,-40.05821111,0.24,14.860873,0.94
-71.61896157,-40.05823413,0.23,14.144872,0.9
-71.61903423,-40.05826457,0.21,15.526416,0.83
-71.61910302,-40.05829333,0.19,14.814785,0.75
-71.61915662,-40.05831568,0.19,13.399936,0.75
-71.61920642,-40.0583364,0.18,11.983353,0.72
-71.61925619,-40.05835705,0.18,11.981049,0.72
-71.61930204,-40.05837603,0.19,11.982512,0.75
-71.61935939,-40.05839973,0.22,13.387016,0.86
-71.61942639,-40.05842732,0.31,15.491297,1.19
-71.61949605,-40.05845591,0.38,14.079272,1.44
-71.61954634,-40.05847647,0.39,12.670898,1.48
-71.6196112,-40.05850291,0.35,14.776227,1.33
-71.61967863,-40.05853031,0.28,14.775801,1.08
-71.61972774,-40.0585502,0.24,12.661283,0.94
-71.61978469,-40.05857321,0.27,12.662479,1.04
-71.61983998,-40.05859549,0.29,12.65969,1.12
-71.61990015,-40.05861965,0.3,13.361259,1.15
-71.61995751,-40.05864263,0.32,14.066123,1.23
-71.62002864,-40.05867104,0.35,15.473883,1.33
-71.62009524,-40.05869757,0.26,14.770317,1.01
-71.62015342,-40.05872069,0.21,13.365844,0.83
-71.62020686,-40.05874197,0.19,13.367398,0.75
-71.6202595,-40.05876285,0.21,12.663543,0.83
-71.62031281,-40.05878383,0.27,12.66906,1.04
-71.62037739,-40.05880917,0.38,13.373582,1.44
-71.62043304,-40.05883098,0.46,13.374466,1.73
-71.62048396,-40.05885093,0.47,11.975283,1.77
-71.62053147,-40.05886952,0.45,12.677859,1.7
-71.62059839,-40.05889573,0.41,14.088935,1.55
-71.62065968,-40.05891973,0.33,14.098093,1.26
-71.62072531,-40.05894545,0.31,14.804686,1.19
-71.62078528,-40.05896901,0.3,14.102587,1.15
-71.6208474,-40.05899343,0.29,14.112056,1.12
-71.62091251,-40.0590191,0.29,14.114062,1.12
-71.62097545,-40.05904398,0.3,14.120901,1.15
-71.62103541,-40.05906774,0.32,13.421822,1.23
-71.6210844,-40.05908721,0.31,13.42182,1.19
-71.62115306,-40.05911458,0.35,14.83972,1.33
-71.62121188,-40.05913811,0.38,14.142798,1.44
-71.62127364,-40.05916289,0.33,13.436953,1.26
-71.62132885,-40.05918514,0.29,14.146025,1.12
-71.62140368,-40.05921541,0.29,14.851647,1.12
-71.62145658,-40.05923685,0.31,13.446609,1.19
-71.62150749,-40.0592576,0.34,12.743938,1.3
-71.62156466,-40.05928108,0.35,12.050715,1.33
-71.62161446,-40.05930164,0.44,12.759998,1.66
-71.62167366,-40.05932616,0.5,13.47257,1.88
-71.62173263,-40.05935066,0.42,13.471823,1.59
-71.62179215,-40.0593755,0.34,14.191287,1.3
-71.6218516,-40.05940039,0.33,13.475588,1.26
-71.62190469,-40.05942269,0.33,13.481679,1.26
-71.62197179,-40.059451,0.35,15.607642,1.33
-71.62204574,-40.05948231,0.4,14.893239,1.52
-71.6220999,-40.05950532,0.46,13.476246,1.73
-71.62215485,-40.05952872,0.44,13.48354,1.66
-71.62221085,-40.05955261,0.42,12.766824,1.59
-71.62226328,-40.05957503,0.38,12.763914,1.44
-71.62231918,-40.05959896,0.29,12.0544405,1.12
-71.62236805,-40.05961994,0.29,12.762915,1.12
-71.62243432,-40.05964845,0.3,14.17759,1.15
-71.62249321,-40.05967382,0.44,13.465745,1.66
-71.62254531,-40.0596963,0.57,12.752224,2.13
-71.62260689,-40.0597229,0.67,12.748978,2.49
-71.62265996,-40.05974582,0.68,12.036819,2.53
-71.62270857,-40.05976674,0.63,12.041796,2.35
-71.62275998,-40.05978889,0.53,12.741446,1.99
-71.62281657,-40.0598134,0.43,12.730152,1.62
-71.62287184,-40.05983736,0.35,12.727203,1.33
-71.62293119,-40.05986309,0.42,12.71929,1.59
-71.62298573,-40.05988671,0.49,12.717846,1.84
-71.62304704,-40.05991321,0.5,14.8307495,1.88
-71.6231179,-40.05994377,0.42,14.832032,1.59
-71.62318252,-40.0599716,0.48,14.825578,1.81
-71.62323386,-40.05999366,0.57,12.706893,2.13
-71.62328976,-40.06001762,0.72,12.703927,2.67
-71.62334288,-40.06004033,0.83,13.412501,3.07
-71.62340532,-40.06006692,0.84,14.1160145,3.11
-71.62347034,-40.06009452,0.8,14.107094,2.96
-71.6235303,-40.06011985,0.73,13.403637,2.71
-71.62358387,-40.06014241,0.62,13.4019575,2.31
-71.62364113,-40.06016644,0.6,12.695703,2.24
-71.62369591,-40.06018935,0.52,12.697766,1.95
-71.62375007,-40.0602119,0.46,11.992054,1.73
-71.62379766,-40.06023166,0.33,11.285579,1.26
-71.62384285,-40.06025036,0.24,11.290945,0.94
-71.62390217,-40.06027481,0.2,12.703674,0.79
-71.62396085,-40.06029902,0.2,14.110481,0.79
-71.62403375,-40.06032888,0.2,14.817487,0.79
-71.62408905,-40.06035123,0.19,13.409814,0.75
-71.62414753,-40.06037474,0.18,14.116357,0.72
-71.62420766,-40.06039884,0.19,13.414844,0.75
-71.62426154,-40.06042038,0.21,14.124046,0.83
-71.62433565,-40.06044993,0.17,14.833129,0.68
-71.62439372,-40.06047304,0.18,15.54627,0.72
-71.62447176,-40.06050404,0.21,15.551834,0.83
-71.62452846,-40.06052654,0.21,14.139903,0.83
-71.62459592,-40.0605533,0.21,14.849164,0.83
-71.62466265,-40.06057976,0.21,14.853914,0.83
-71.62471429,-40.06060024,0.21,13.446608,0.83
-71.62477099,-40.06062276,0.21,13.447026,0.83
-71.62482945,-40.060646,0.27,13.454827,1.04
-71.62488866,-40.06066957,0.41,13.452383,1.55
-71.62493944,-40.06068983,0.57,12.749763,2.13
-71.62499504,-40.06071203,0.56,12.043562,2.1
-71.625038,-40.06072922,0.48,11.3412075,1.81
-71.62508951,-40.06074986,0.45,11.339277,1.7
-71.62514228,-40.06077107,0.42,12.051266,1.59
-71.625197,-40.06079311,0.34,12.76075,1.3
-71.62525368,-40.06081598,0.32,12.7648,1.23
-71.62531124,-40.06083935,0.31,13.482314,1.19
-71.62537723,-40.06086632,0.31,14.902227,1.19
-71.62543799,-40.06089124,0.31,14.198682,1.19
-71.62550026,-40.0609169,0.34,14.199399,1.3
-71.62555942,-40.06094136,0.44,12.779816,1.66
-71.62561458,-40.06096425,0.47,12.783199,1.77
-71.62566504,-40.06098526,0.48,12.08281,1.81
-71.62572139,-40.0610088,0.4,13.490985,1.52
-71.62578148,-40.06103398,0.31,14.208139,1.19
-71.62584436,-40.06106042,0.23,13.493228,0.9
-71.62589805,-40.06108308,0.21,12.783843,0.83
-71.62594935,-40.06110479,0.19,11.362078,0.75
-71.62599833,-40.06112558,0.19,11.365075,0.75
-71.62605541,-40.06114988,0.2,13.496279,0.79
-71.62612329,-40.06117887,0.21,15.624526,0.83
-71.6261954,-40.06120976,0.2,16.326519,0.79
-71.62626459,-40.06123948,0.18,15.615431,0.72
-71.6263265,-40.06126612,0.17,14.195825,0.68
-71.62638874,-40.06129297,0.17,14.190139,0.68
-71.62645769,-40.06132268,0.18,14.892244,0.72
-71.6265125,-40.06134632,0.2,13.478469,0.79
-71.62657252,-40.06137236,0.25,14.89508,0.97
-71.62664323,-40.06140324,0.26,15.5972,1.01
-71.6267083,-40.06143166,0.22,14.179555,0.86
-71.62676768,-40.06145758,0.2,14.171866,0.79
-71.62682814,-40.06148394,0.19,13.466561,0.75
-71.62688059,-40.06150678,0.19,13.454099,0.75
-71.62694611,-40.06153527,0.2,14.157936,0.79
-71.62699846,-40.06155799,0.2,12.7462845,0.79
-71.62705372,-40.06158192,0.19,13.443317,0.75
-71.62711916,-40.06161017,0.18,14.849182,0.72
-71.62718517,-40.06163856,0.18,14.134266,0.72
-71.62723902,-40.06166164,0.19,13.423846,0.75
-71.62730097,-40.06168809,0.18,14.126888,0.72
-71.62735859,-40.06171259,0.18,14.119026,0.72
-71.62743138,-40.06174341,0.19,15.5248995,0.75
-71.6274969,-40.06177102,0.21,14.109361,0.83
-71.62755022,-40.06179336,0.21,12.693448,0.83
-71.62761353,-40.06181976,0.17,14.100135,0.68
-71.62767548,-40.06184549,0.17,13.390377,0.68
-71.62772753,-40.06186716,0.21,13.405319,0.83
-71.62778281,-40.06189001,0.22,12.693403,0.86
-71.62784596,-40.06191565,0.22,14.762224,0.86
-71.62791313,-40.06194259,0.23,14.762809,0.9
-71.62797087,-40.06196565,0.22,14.761676,0.86
-71.62803609,-40.06199159,0.2,15.464797,0.79
-71.62810536,-40.06201906,0.19,14.761923,0.75
-71.62816518,-40.06204272,0.16,14.061879,0.65
-71.62822557,-40.06206656,0.17,13.360023,0.68
-71.62828017,-40.06208809,0.21,13.368656,0.83
-71.62833322,-40.06210901,0.23,12.672861,0.9
-71.62838727,-40.06213029,0.23,12.668596,0.9
-71.62845093,-40.06215538,0.25,14.7915125,0.97
-71.6285198,-40.06218252,0.23,14.086336,0.9
-71.62856598,-40.06220074,0.21,11.977601,0.83
-71.62862342,-40.06222342,0.22,13.393834,0.86
-71.62867958,-40.06224565,0.22,13.400928,0.86
-71.6287388,-40.06226915,0.23,14.115093,0.9
-71.62880462,-40.06229534,0.21,14.829022,0.83
-71.62886889,-40.06232099,0.23,14.838484,0.9
-71.62892716,-40.06234433,0.26,14.140349,1.01
-71.62898972,-40.06236932,0.28,13.419835,1.08
-71.62904264,-40.0623906,0.25,12.734985,0.97
-71.62910131,-40.06241456,0.23,13.492381,0.9
-71.62915738,-40.06243763,0.25,13.498582,0.97
-71.62921807,-40.06246268,0.27,14.215232,1.04
-71.62927788,-40.06248745,0.28,13.504585,1.08
-71.62933255,-40.06251017,0.29,12.7972,1.12
-71.62938637,-40.06253259,0.28,12.087455,1.08
-71.62943856,-40.06255439,0.26,13.50643,1.01
-71.62950336,-40.06258153,0.27,14.223201,1.04
-71.62956092,-40.06260572,0.31,13.505192,1.19
-71.62961744,-40.06262953,0.38,13.503077,1.44
-71.62968057,-40.06265615,0.39,14.209473,1.48
-71.62974291,-40.06268249,0.38,14.203035,1.44
-71.62979908,-40.06270627,0.38,12.072157,1.44
-71.62984584,-40.06272609,0.36,12.065048,1.37
-71.62989901,-40.06274863,0.34,13.478153,1.3
-71.62996507,-40.06277667,0.35,14.176583,1.33
-71.63002411,-40.06280175,0.37,14.167084,1.41
-71.63009103,-40.06283017,0.38,14.159064,1.44
-71.63014565,-40.06285336,0.38,14.149564,1.44
-71.63021581,-40.06288315,0.38,14.888176,1.44
-71.63027633,-40.06290884,0.42,13.439326,1.59
-71.63033215,-40.06293249,0.42,14.062908,1.59
-71.6303958,-40.06295943,0.42,14.06155,1.59
-71.63045587,-40.06298483,0.43,13.349488,1.62
-71.63051591,-40.06301017,0.4,14.039433,1.52
-71.63057425,-40.06303475,0.38,12.632318,1.44
-71.63062177,-40.06305474,0.37,11.930542,1.41
-71.6306774,-40.06307809,0.35,13.328932,1.33
-71.63073617,-40.06310271,0.33,13.328573,1.26
-71.63079145,-40.06312581,0.28,12.628809,1.08
-71.63084169,-40.06314677,0.22,12.629145,0.86
-71.63090688,-40.06317391,0.24,13.336445,0.94
-71.63095784,-40.06319509,0.27,12.642657,1.04
-71.63100986,-40.06321665,0.31,12.642599,1.19
-71.63107462,-40.06324344,0.32,14.058204,1.23
-71.63114288,-40.06327157,0.26,14.766254,1.01
-71.631203,-40.06329631,0.27,14.071619,1.04
-71.63125703,-40.06331849,0.31,12.675518,1.19
-71.63131785,-40.06334341,0.36,13.386581,1.37
-71.63136993,-40.06336469,0.34,12.694258,1.3
-71.63142597,-40.06338756,0.35,12.700108,1.33
-71.63148332,-40.06341102,0.38,12.675755,1.44
-71.63154058,-40.0634344,0.41,12.712767,1.55
-71.63159017,-40.06345444,0.39,12.077475,1.48
-71.63164374,-40.06347593,0.29,12.796026,1.12
-71.63170353,-40.06349989,0.25,13.515439,0.97
-71.63176939,-40.06352627,0.24,14.232597,0.94
-71.63182626,-40.06354906,0.23,12.819512,0.9
-71.63187836,-40.06356995,0.25,12.825748,0.97
-71.63193964,-40.06359451,0.27,13.53632,1.04
-71.63199458,-40.06361657,0.28,12.828424,1.08
-71.6320485,-40.06363825,0.29,12.116779,1.12
-71.63209758,-40.06365803,0.36,12.115268,1.37
-71.63215819,-40.06368248,0.41,14.258559,1.55
-71.63222217,-40.06370832,0.4,13.540214,1.52
-71.6322673,-40.0637266,0.39,12.113464,1.48
-71.63232289,-40.06374916,0.38,12.824114,1.44
-71.63238546,-40.06377464,0.4,14.241056,1.52
-71.63245163,-40.06380167,0.41,13.523402,1.55
-71.63249954,-40.06382131,0.42,12.805628,1.59
-71.63256296,-40.06384739,0.46,14.218093,1.73
-71.63263248,-40.06387606,0.42,14.917486,1.59
-71.63268709,-40.06389868,0.4,12.780287,1.52
-71.63274191,-40.06392132,0.39,12.811787,1.48
-71.6328012,-40.06394588,0.39,13.489405,1.48
-71.63285561,-40.06396879,0.39,14.114326,1.48
-71.63292487,-40.06399832,0.35,14.808422,1.33
-71.63298601,-40.06402445,0.32,14.095346,1.23
-71.6330485,-40.06405125,0.31,14.091931,1.19
-71.63310913,-40.0640773,0.38,14.084272,1.44
-71.63317044,-40.06410368,0.49,13.377005,1.84
-71.63322777,-40.06412838,0.61,13.373046,2.28
-71.63328226,-40.06415186,0.62,13.369749,2.31
-71.63333556,-40.06417481,0.51,11.961017,1.91
-71.63338333,-40.06419537,0.38,11.960531,1.44
-71.63343482,-40.06421753,0.27,13.372747,1.04
-71.63349609,-40.06424387,0.2,14.7786875,0.79
-71.63356377,-40.06427292,0.18,14.779965,0.72
-71.63362421,-40.06429883,0.17,13.376533,0.68
-71.6336728,-40.06431962,0.17,12.680605,0.68
-71.63373109,-40.06434452,0.17,13.393133,0.68
-71.63379016,-40.06436967,0.14,14.096526,0.57
-71.63385606,-40.06439765,0.13,13.402596,0.54
-71.6339036,-40.06441776,0.11,12.698862,0.46
-71.63395991,-40.06444152,0.11,12.000479,0.46
-71.63400648,-40.06446125,0.11,11.984558,0.46
-71.63406725,-40.0644868,0.15,14.841917,0.61
-71.6341358,-40.06451519,0.16,14.90573,0.65
-71.63419678,-40.06454022,0.15,14.906119,0.61
-71.63426124,-40.06456659,0.17,14.925467,0.68
-71.63432188,-40.06459131,0.18,14.921538,0.72
-71.634381,-40.06461533,0.17,14.218666,0.68
-71.63444757,-40.0646423,0.18,14.934498,0.72
-71.63451102,-40.06466795,0.21,14.230079,0.83
-71.63456848,-40.06469112,0.24,12.808057,0.94
-71.63462418,-40.06471356,0.39,12.811298,1.48
-71.63467843,-40.06473538,0.59,12.101721,2.2
-71.63472257,-40.06475311,0.65,11.393614,2.42
-71.63478049,-40.06477635,0.67,13.525658,2.49
-71.63484613,-40.06480265,0.64,14.235013,2.38
-71.63490155,-40.06482484,0.64,13.51989,2.38
-71.63496112,-40.06484868,0.61,13.516168,2.28
-71.6350212,-40.06487274,0.52,13.5166,1.95
-71.6350726,-40.06489334,0.46,13.516517,1.73
-71.63513494,-40.06491835,0.43,14.218567,1.62
-71.63520102,-40.0649449,0.45,14.931283,1.7
-71.63526605,-40.06497099,0.49,14.219316,1.84
-71.63532289,-40.06499385,0.51,12.789319,1.91
-71.6353682,-40.06501216,0.51,11.343987,1.91
-71.63542032,-40.06503334,0.46,12.043287,1.73
-71.63547192,-40.06505434,0.42,12.037203,1.59
-71.63552534,-40.06507612,0.44,12.746558,1.66
-71.63558302,-40.06509969,0.48,12.737814,1.81
-71.63563884,-40.06512255,0.48,12.727954,1.81
-71.63569701,-40.06514641,0.5,12.723642,1.88
-71.63575544,-40.06517044,0.51,12.718053,1.91
-71.63581225,-40.06519387,0.52,13.419458,1.95
-71.63587217,-40.06521862,0.53,13.419406,1.99
-71.63591755,-40.0652374,0.5,12.00166,1.88
-71.63597016,-40.06525922,0.46,12.70171,1.73
-71.636029,-40.06528367,0.44,13.402163,1.66
-71.63608644,-40.06530758,0.44,12.696309,1.66
-71.63613872,-40.0653294,0.45,11.988127,1.7
-71.63619508,-40.06535297,0.52,13.392944,1.95
-71.63625697,-40.06537889,0.53,14.094313,1.99
-71.63631276,-40.06540231,0.53,12.689084,1.99
-71.63636436,-40.06542401,0.59,12.680391,2.2
-71.63642285,-40.06544862,0.51,13.382786,1.91
-71.63648793,-40.06547604,0.37,14.087538,1.41
-71.63654505,-40.06550014,0.33,13.381914,1.26
-71.63660529,-40.0655256,0.28,13.382855,1.08
-71.6366604,-40.06554893,0.28,14.791619,1.08
-71.63672679,-40.06557707,0.29,15.489943,1.12
-71.63679441,-40.06560575,0.29,14.083859,1.12
-71.63685122,-40.06562986,0.29,13.382388,1.12
-71.63691112,-40.06565529,0.3,14.084675,1.15
-71.63697695,-40.06568326,0.34,15.505811,1.3
-71.63705539,-40.0657166,0.4,16.910822,1.52
-71.63712337,-40.06574548,0.38,14.80589,1.44
-71.63718454,-40.06577144,0.28,15.509015,1.08
-71.63725951,-40.06580325,0.26,15.512287,1.01
-71.63731697,-40.06582763,0.26,14.811501,1.01
-71.63738642,-40.06585706,0.26,15.522065,1.01
-71.63745262,-40.06588509,0.26,14.822704,1.01
-71.63751428,-40.06591116,0.23,14.116646,0.9
-71.63757526,-40.06593692,0.23,14.826714,0.9
-71.63764292,-40.06596546,0.22,14.831467,0.86
-71.63769645,-40.065988,0.19,14.128947,0.75
-71.63776207,-40.06601559,0.17,13.4090805,0.68
-71.63781571,-40.0660381,0.18,14.131098,0.72
-71.6378827,-40.06606618,0.19,14.1692095,0.75
-71.63794551,-40.06609246,0.2,14.164242,0.79
-71.63800876,-40.06611889,0.21,13.455952,0.83
-71.6380571,-40.06613903,0.2,12.748336,0.79
-71.63811268,-40.06616217,0.21,12.747526,0.83
-71.63817729,-40.06618899,0.21,14.165107,0.83
-71.6382484,-40.06621843,0.21,15.578561,0.83
-71.63831644,-40.06624653,0.2,14.870642,0.79
-71.63836947,-40.06626838,0.19,13.45126,0.75
-71.63842692,-40.066292,0.18,14.158332,0.72
-71.63849327,-40.06631922,0.17,13.443045,0.68
-71.6385419,-40.06633912,0.19,12.733842,0.75
-71.63860256,-40.0663639,0.21,13.43778,0.83
-71.63865677,-40.06638599,0.21,13.434895,0.83
-71.63871658,-40.06641032,0.18,13.427925,0.72
-71.638771,-40.0664324,0.17,12.719908,0.68
-71.63882627,-40.06645479,0.18,13.41814,0.72
-71.63888925,-40.06648026,0.22,15.533167,0.86
-71.6389598,-40.06650872,0.24,14.114476,0.94
-71.63901782,-40.06653213,0.28,13.429461,1.08
-71.63907494,-40.06655514,0.29,13.407193,1.12
-71.63912856,-40.06657668,0.37,12.657017,1.41
-71.63918347,-40.0665986,0.43,14.057022,1.62
-71.6392549,-40.06662705,0.3,14.760326,1.15
-71.63931275,-40.06665008,0.21,14.052347,0.83
-71.63937992,-40.06667682,0.18,14.04924,0.72
-71.63943774,-40.06669983,0.18,13.347706,0.72
-71.63949297,-40.06672182,0.19,13.349641,0.75
-71.63954538,-40.06674271,0.23,11.952575,0.9
-71.6395899,-40.06676045,0.25,11.951515,0.97
-71.63963855,-40.06677985,0.24,11.952256,0.94
-71.63969455,-40.06680218,0.2,12.654986,0.79
-71.63975536,-40.06682646,0.18,13.359929,0.72
-71.63981154,-40.06684893,0.19,13.365834,0.75
-71.63986451,-40.06687015,0.18,12.667542,0.72
-71.63992348,-40.06689381,0.17,13.373944,0.68
-71.63998463,-40.06691838,0.18,14.087147,0.72
-71.6400455,-40.06694292,0.18,13.397863,0.72
-71.64010078,-40.06696524,0.21,14.106331,0.83
-71.64016256,-40.06699026,0.31,13.4041605,1.19
-71.64021558,-40.06701176,0.37,13.413523,1.41
-71.64027533,-40.067036,0.36,14.103003,1.37
-71.64034189,-40.06706309,0.32,14.131472,1.23
-71.64040037,-40.06708705,0.27,13.470962,1.04
-71.64045512,-40.0671096,0.26,13.479719,1.01
-71.64051683,-40.06713507,0.26,14.198403,1.01
-71.64058576,-40.0671636,0.25,14.915451,0.97
-71.64064352,-40.06718756,0.26,13.499028,1.01
-71.64069329,-40.06720823,0.24,12.789297,0.94
-71.64074905,-40.06723144,0.22,12.791538,0.86
-71.64081234,-40.06725783,0.21,14.927076,0.83
-71.64088421,-40.06728785,0.2,15.644119,0.79
-71.64094881,-40.06731488,0.22,14.925202,0.86
-71.64100941,-40.06734027,0.23,14.21742,0.9
-71.64107105,-40.06736613,0.27,14.214556,1.04
-71.64113104,-40.06739133,0.34,13.501368,1.3
-71.64119011,-40.06741614,0.38,14.210746,1.44
-71.64125745,-40.06744445,0.36,14.205896,1.37
-71.64130974,-40.06746644,0.33,12.778143,1.26
-71.64137211,-40.06749267,0.27,13.4846,1.04
-71.64142725,-40.06751588,0.26,12.772457,1.01
-71.64148068,-40.06753836,0.27,12.769286,1.04
-71.64154664,-40.06756613,0.31,14.901587,1.19
-71.64161225,-40.06759373,0.29,15.581936,1.12
-71.64168137,-40.06762277,0.29,14.840892,1.12
-71.64174045,-40.06764758,0.27,14.126119,1.04
-71.64180276,-40.06767373,0.26,14.120854,1.01
-71.64187128,-40.06770247,0.3,14.111026,1.15
-71.64192006,-40.06772291,0.32,12.700597,1.23
-71.64197734,-40.06774689,0.3,12.695735,1.15
-71.64204058,-40.06777336,0.29,13.392997,1.12
-71.64209527,-40.06779622,0.32,14.094698,1.23
-71.64216419,-40.067825,0.32,15.507465,1.23
-71.64222941,-40.0678522,0.26,14.08926,1.01
-71.64228507,-40.06787539,0.28,12.680992,1.08
-71.64234467,-40.0679002,0.34,14.087903,1.3
-71.64241246,-40.0679284,0.38,14.0880995,1.44
-71.64247077,-40.06795262,0.33,13.388635,1.26
-71.64252167,-40.06797374,0.28,12.68119,1.08
-71.64258239,-40.06799893,0.3,13.385212,1.15
-71.64263772,-40.06802185,0.31,12.683428,1.19
-71.64269487,-40.06804551,0.31,14.094297,1.19
-71.64276674,-40.06807528,0.29,14.805204,1.12
-71.64281841,-40.0680967,0.28,13.393827,1.08
-71.64288282,-40.06812334,0.27,14.110417,1.04
-71.6429369,-40.06814556,0.29,13.413991,1.12
-71.64299921,-40.06817115,0.27,14.121221,1.04
-71.64306282,-40.06819726,0.25,14.12622,0.97
-71.64312526,-40.06822291,0.25,13.43682,0.97
-71.64317214,-40.06824217,0.22,12.0139885,0.86
-71.64322375,-40.06826339,0.17,13.435868,0.68
-71.64328862,-40.06829008,0.19,14.851708,0.75
-71.64335562,-40.06831769,0.23,15.563673,0.9
-71.64342644,-40.0683469,0.26,15.570886,1.01
-71.64349585,-40.06837557,0.23,14.866272,0.9
-71.64354767,-40.068397,0.2,13.454432,0.79
-71.64360376,-40.06842023,0.21,14.171732,0.83
-71.64367216,-40.06844862,0.26,14.171217,1.01
-71.64372978,-40.06847256,0.26,13.467004,1.01
-71.64378848,-40.06849701,0.26,14.885277,1.01
-71.64386416,-40.06852858,0.26,15.60109,1.01
-71.64392756,-40.06855509,0.27,14.90192,1.04
-71.64398782,-40.06858034,0.27,14.186969,1.04
-71.64404358,-40.06860365,0.29,12.757105,1.12
-71.64410463,-40.06862922,0.35,14.183717,1.33
-71.64416935,-40.0686566,0.37,14.210384,1.41
-71.64423089,-40.06868282,0.36,13.499462,1.37
-71.64428407,-40.0687055,0.39,12.79048,1.48
-71.64433697,-40.06872808,0.42,12.78494,1.59
-71.64440323,-40.06875636,0.38,14.914821,1.44
-71.64446914,-40.0687845,0.34,14.203841,1.3
-71.64452275,-40.0688074,0.35,14.19327,1.33
-71.64459584,-40.06883861,0.33,14.193905,1.26
-71.64464788,-40.06886081,0.29,12.761523,1.12
-71.64470446,-40.0688849,0.23,13.467661,0.9
-71.64476953,-40.06891258,0.2,14.874447,0.79
-71.6448336,-40.06893982,0.21,14.157491,0.83
-71.64489091,-40.06896414,0.27,13.4524,1.04
-71.64494384,-40.06898657,0.36,12.024567,1.37
-71.64499233,-40.06900706,0.39,12.722176,1.48
-71.64505359,-40.06903288,0.38,13.422509,1.44
-71.6451123,-40.06905757,0.39,13.415397,1.48
-71.64516279,-40.06907877,0.43,12.707664,1.62
-71.64522434,-40.06910452,0.43,14.105913,1.62
-71.64529071,-40.06913227,0.33,14.136771,1.26
-71.64534959,-40.06915686,0.3,14.801291,1.15
-71.64541683,-40.06918461,0.3,14.734481,1.15
-71.64547711,-40.06920922,0.29,14.028078,1.12
-71.64553748,-40.06923378,0.26,14.022044,1.01
-71.64560059,-40.06925938,0.21,14.018186,0.83
-71.64565917,-40.0692831,0.2,13.318069,0.79
-71.64571813,-40.06930693,0.21,14.718892,0.83
-71.64578539,-40.06933408,0.22,14.723287,0.86
-71.64584684,-40.06935884,0.21,14.721356,0.83
-71.64591135,-40.06938481,0.22,15.435482,0.86
-71.64597742,-40.06941139,0.23,14.735422,0.9
-71.646043,-40.06943777,0.19,14.740565,0.75
-71.64610394,-40.06946227,0.21,14.746945,0.83
-71.64616039,-40.06948498,0.22,13.352417,0.86
-71.64621515,-40.06950702,0.2,13.362621,0.79
-71.64626815,-40.06952836,0.2,12.667646,0.79
-71.6463252,-40.06955135,0.2,12.676583,0.79
-71.64638677,-40.06957621,0.2,14.802637,0.79
-71.64646389,-40.06960741,0.2,16.938843,0.79
-71.64653227,-40.06963506,0.2,14.795057,0.79
-71.64658678,-40.06965707,0.21,14.123245,0.83
-71.64665588,-40.06968517,0.21,14.9171915,0.83
-71.646717,-40.06971036,0.19,14.929773,0.75
-71.64678524,-40.06973855,0.16,15.655267,0.65
-71.64685078,-40.06976567,0.18,14.245389,0.72
-71.6469109,-40.06979058,0.13,14.962448,0.54
-71.64697984,-40.06981919,0.15,15.681746,0.61
-71.64704673,-40.06984697,0.17,14.984155,0.68
-71.64710467,-40.06987106,0.17,13.560844,0.68
-71.64715919,-40.06989373,0.18,12.845123,0.72
-71.64720908,-40.06991451,0.18,12.130717,0.72
-71.64726931,-40.06993959,0.16,14.274087,0.65
-71.64733767,-40.06996806,0.21,14.271431,0.83
-71.64738959,-40.06998969,0.19,12.130731,0.75
-71.6474342,-40.07000826,0.21,11.413541,0.83
-71.6474911,-40.07003195,0.25,13.548713,0.97
-71.64755932,-40.07006035,0.26,14.257668,1.01
-71.6476176,-40.07008461,0.25,12.826517,0.97
-71.64766845,-40.07010576,0.26,12.823252,1.01
-71.64772715,-40.07013017,0.3,12.817539,1.15
-71.64778422,-40.07015389,0.34,12.098378,1.3
-71.64782965,-40.07017288,0.37,12.82239,1.41
-71.64789456,-40.07019989,0.36,14.2150955,1.37
-71.64796286,-40.07022796,0.31,14.873077,1.19
-71.64802579,-40.07025372,0.28,14.155426,1.08
-71.64808285,-40.07027707,0.29,12.732749,1.12
-71.64813293,-40.07029757,0.32,12.731082,1.23
-71.64820509,-40.0703271,0.31,14.836803,1.19
-71.64826326,-40.0703509,0.25,14.12393,0.97
-71.64832276,-40.07037526,0.22,13.412657,0.86
-71.64837673,-40.07039739,0.22,13.406208,0.86
-71.64843904,-40.07042295,0.2,14.108481,0.79
-71.64850127,-40.07044853,0.24,14.107985,0.94
-71.64856134,-40.07047326,0.28,13.394052,1.08
-71.64861758,-40.07049643,0.29,14.098958,1.12
-71.64868352,-40.07052365,0.32,13.393559,1.23
-71.64873664,-40.07054563,0.32,13.387758,1.23
-71.64879346,-40.07056916,0.27,12.685579,1.04
-71.64884035,-40.07058859,0.23,11.982154,0.9
-71.64890158,-40.07061405,0.2,14.797521,0.79
-71.64897511,-40.07064469,0.18,15.505593,0.72
-71.64903132,-40.07066817,0.18,13.397069,0.72
-71.64908728,-40.07069142,0.23,14.100454,0.9
-71.64915507,-40.0707198,0.32,14.811735,1.23
-71.6492179,-40.07074646,0.32,14.816643,1.23
-71.64927818,-40.07077217,0.27,14.823532,1.04
-71.64934097,-40.07079898,0.24,13.419331,0.94
-71.64938552,-40.07081803,0.23,11.30852,0.9
-71.64943321,-40.07083843,0.27,12.012769,1.04
-71.64949786,-40.07086609,0.3,14.136635,1.15
-71.6495589,-40.07089218,0.33,13.437936,1.26
-71.64961147,-40.07091465,0.36,13.440743,1.37
-71.64966752,-40.07093859,0.35,12.740502,1.33
-71.64972127,-40.07096151,0.33,12.036744,1.26
-71.64977028,-40.07098238,0.32,12.750234,1.23
-71.64983544,-40.07101007,0.31,13.460979,1.19
-71.6498893,-40.07103292,0.28,12.758356,1.08
-71.64993951,-40.07105417,0.23,12.768823,0.9
-71.65000289,-40.07108094,0.23,13.478151,0.9
-71.65005709,-40.07110378,0.25,13.483038,0.97
-71.65012001,-40.0711302,0.25,14.197231,0.97
-71.65018387,-40.07115692,0.21,13.491087,0.83
-71.65023351,-40.07117763,0.18,12.789718,0.72
-71.65029258,-40.07120221,0.17,13.499992,0.68
-71.65035032,-40.07122635,0.19,13.489366,0.75
-71.65041221,-40.07125196,0.24,14.929495,0.94
-71.65047819,-40.07127883,0.28,14.96588,1.08
-71.65053652,-40.0713024,0.3,14.249521,1.15
-71.65059636,-40.07132652,0.29,12.825279,1.12
-71.65065141,-40.07134865,0.27,12.829125,1.04
-71.65070536,-40.07137029,0.25,12.816856,0.97
-71.65076803,-40.07139539,0.26,14.238763,1.01
-71.65083522,-40.07142225,0.28,13.516154,1.08
-71.65088339,-40.07144149,0.24,12.084714,0.94
-71.6509313,-40.07146061,0.22,12.790234,0.86
-71.65099732,-40.07148696,0.23,14.206627,0.9
-71.65105752,-40.07151098,0.22,13.475936,0.86
-71.65111389,-40.07153348,0.22,13.46574,0.86
-71.65117153,-40.07155651,0.24,13.4546585,0.94
-71.65122615,-40.07157834,0.24,13.440741,0.94
-71.65129205,-40.07160474,0.26,14.840275,1.01
-71.65135153,-40.07162861,0.3,13.414608,1.15
-71.65140221,-40.07164898,0.33,12.693874,1.26
-71.65145716,-40.07167111,0.41,12.684696,1.55
-71.65151258,-40.07169348,0.49,13.376131,1.84
-71.6515788,-40.07172021,0.47,14.810174,1.77
-71.65164162,-40.07174561,0.41,14.058938,1.55
-71.65169949,-40.07176924,0.35,13.269381,1.33
-71.65174922,-40.0717898,0.35,12.559599,1.33
-71.65180829,-40.07181429,0.38,12.558589,1.44
-71.65186136,-40.07183634,0.33,13.240947,1.26
-71.65192464,-40.0718627,0.22,13.9295845,0.86
-71.65198242,-40.07188683,0.19,13.232355,0.75
-71.65203802,-40.07191011,0.21,13.226755,0.83
-71.65209923,-40.07193581,0.24,13.9199705,0.94
-71.6521584,-40.0719607,0.25,13.226904,0.97
-71.65221027,-40.07198255,0.23,13.925814,0.9
-71.65228124,-40.0720125,0.22,13.931197,0.86
-71.65232887,-40.07203263,0.21,11.848311,0.83
-71.65238259,-40.07205536,0.26,12.552342,1.01
-71.65243512,-40.07207759,0.34,11.862783,1.3
-71.65248477,-40.07209863,0.34,12.569271,1.3
-71.65254746,-40.07212521,0.34,13.279479,1.3
-71.6525942,-40.07214503,0.36,11.891637,1.37
-71.65265403,-40.0721704,0.36,13.303138,1.37
-71.65270704,-40.07219289,0.35,13.32377,1.33
-71.65276577,-40.07221779,0.31,13.334323,1.19
-71.65281948,-40.07224058,0.26,13.30286,1.01
-71.65287476,-40.07226408,0.19,13.359012,0.75
-71.65293481,-40.0722895,0.16,13.443383,0.65
-71.65298514,-40.07231064,0.16,12.751692,0.65
-71.65304304,-40.07233496,0.19,12.764349,0.75
-71.65310576,-40.07236129,0.24,14.198053,0.94
-71.6531696,-40.07238806,0.29,13.49906,1.12
-71.65321459,-40.07240693,0.27,12.089933,1.04
-71.65327131,-40.0724307,0.22,13.527542,0.86
-71.6533306,-40.07245553,0.19,14.254607,0.75
-71.65339392,-40.07248205,0.2,14.254677,0.79
-71.6534584,-40.07250906,0.2,14.263254,0.79
-71.65352365,-40.07253638,0.21,14.26723,0.83
-71.65358517,-40.07256213,0.23,13.562848,0.9
-71.65363904,-40.07258468,0.2,13.565124,0.79
-71.65369734,-40.07260907,0.2,13.567381,0.79
-71.65375404,-40.07263281,0.22,14.278813,0.86
-71.65383104,-40.07266506,0.27,16.420074,1.04
-71.65389796,-40.07269308,0.29,15.70357,1.12
-71.65396693,-40.07272198,0.42,15.6979685,1.59
-71.65403501,-40.07275048,0.45,14.976058,1.7
-71.65409311,-40.07277476,0.41,13.573293,1.55
-71.65414857,-40.07279794,0.44,12.842315,1.66
-71.65419667,-40.07281813,0.48,12.079249,1.81
-71.65424814,-40.07283984,0.52,12.06941,1.95
-71.65430196,-40.07286253,0.42,12.78046,1.59
-71.65436053,-40.07288722,0.29,12.770489,1.12
-71.65441299,-40.07290933,0.25,12.763814,0.97
-71.65447804,-40.07293675,0.26,14.172876,1.01
-71.65454014,-40.07296291,0.28,13.459233,1.08
-71.65459504,-40.07298603,0.28,13.449959,1.08
-71.65465215,-40.07301006,0.27,13.446839,1.04
-71.6547106,-40.07303463,0.28,14.148378,1.08
-71.65477353,-40.07306108,0.32,14.14124,1.23
-71.65483532,-40.07308702,0.36,14.137899,1.37
-71.65490392,-40.07311577,0.36,14.838253,1.37
-71.65496432,-40.07314106,0.34,14.832971,1.3
-71.65503321,-40.07316985,0.36,15.534933,1.37
-71.65509056,-40.07319381,0.46,13.411755,1.73
-71.65514312,-40.07321573,0.47,12.704019,1.77
-71.65520608,-40.07324194,0.47,14.114336,1.77
-71.65527169,-40.0732692,0.4,14.110233,1.52
-71.6553288,-40.07329291,0.3,13.396196,1.15
-71.65538914,-40.07331799,0.26,14.11429,1.01
-71.65545549,-40.07334545,0.24,14.832849,0.94
-71.65551275,-40.07336893,0.22,14.123496,0.86
-71.65557867,-40.07339593,0.21,14.828671,0.83
-71.65564221,-40.07342194,0.19,14.827526,0.75
-71.65570377,-40.07344712,0.19,14.122267,0.75
-71.65576323,-40.07347142,0.22,13.416615,0.86
-71.65581675,-40.0734933,0.27,13.416069,1.04
-71.65587582,-40.07351743,0.34,13.4158125,1.3
-71.65593245,-40.07354056,0.4,14.828969,1.52
-71.65600578,-40.0735705,0.37,14.827505,1.41
-71.65605856,-40.07359205,0.31,14.123317,1.19
-71.65612259,-40.07361822,0.27,13.41685,1.04
-71.65617341,-40.07363899,0.26,12.709181,1.01
-71.65622564,-40.07366036,0.27,12.713566,1.04
-71.65629035,-40.07368686,0.29,14.124755,1.12
-71.65636119,-40.0737159,0.3,14.8278055,1.15
-71.65642112,-40.07374049,0.29,14.828027,1.12
-71.65648652,-40.07376735,0.26,15.533996,1.01
-71.65655336,-40.07379484,0.29,14.828385,1.12
-71.65661204,-40.07381896,0.32,14.121925,1.23
-71.65667466,-40.07384473,0.31,13.416174,1.19
-71.65672939,-40.07386739,0.25,14.122711,0.97
-71.65679865,-40.0738962,0.25,14.833367,0.97
-71.65685386,-40.0739192,0.24,13.416124,0.94
-71.65691048,-40.0739428,0.23,13.415117,0.9
-71.65696622,-40.07396604,0.25,13.418175,0.97
-71.65702455,-40.07399038,0.22,14.824635,0.86
-71.65709544,-40.07401999,0.21,15.52887,0.83
-71.65715471,-40.07404475,0.22,13.411114,0.86
-71.65721242,-40.07406886,0.21,13.408493,0.83
-71.65726612,-40.0740913,0.18,13.417933,0.72
-71.65732604,-40.07411633,0.22,13.410362,0.86
-71.6573787,-40.07413833,0.25,13.410626,0.97
-71.65744558,-40.07416626,0.3,15.524185,1.15
-71.65751456,-40.07419504,0.33,14.82476,1.26
-71.65757683,-40.07422098,0.3,15.520911,1.15
-71.65764902,-40.07425104,0.33,14.814244,1.26
-71.65769913,-40.07427188,0.33,13.402541,1.26
-71.65776224,-40.07429809,0.28,14.106527,1.08
-71.65782399,-40.0743237,0.28,14.108639,1.08
-71.65788532,-40.0743491,0.24,14.116836,0.94
-71.65794748,-40.07437479,0.23,14.106598,0.9
-71.65801112,-40.07440104,0.27,14.801227,1.04
-71.65808142,-40.07442999,0.27,15.507981,1.04
-71.65814241,-40.07445505,0.27,13.393248,1.04
-71.65819117,-40.07447505,0.28,12.691424,1.08
-71.65824989,-40.07449909,0.29,14.104983,1.12
-71.65832038,-40.07452791,0.3,14.108522,1.15
-71.65837678,-40.07455092,0.24,13.404108,0.94
-71.65843162,-40.07457325,0.21,13.409946,0.83
-71.65849448,-40.07459882,0.23,14.116256,0.9
-71.65855357,-40.07462282,0.22,12.712571,0.86
-71.65860351,-40.07464307,0.2,12.716446,0.79
-71.65866443,-40.07466775,0.24,13.427368,0.94
-71.65872708,-40.07469309,0.23,14.138393,0.9
-71.65878511,-40.07471654,0.23,13.437807,0.9
-71.65883831,-40.07473801,0.25,12.73419,0.97
-71.65889917,-40.07476256,0.31,14.155249,1.19
-71.65897136,-40.07479164,0.34,14.871168,1.3
-71.65902537,-40.0748134,0.34,14.170023,1.3
-71.65908907,-40.07483905,0.3,13.46599,1.15
-71.65913948,-40.07485944,0.3,12.750337,1.15
-71.65919809,-40.07488306,0.28,13.4760475,1.08
-71.6592609,-40.07490822,0.28,14.218143,1.08
-71.65932283,-40.07493299,0.23,13.515503,0.9
-71.65937358,-40.07495331,0.19,12.80262,0.75
-71.65943286,-40.07497707,0.2,13.518937,0.79
-71.65948838,-40.07499937,0.22,13.531824,0.86
-71.65954782,-40.07502327,0.24,12.8083935,0.94
-71.65960029,-40.07504442,0.29,12.809877,1.12
-71.65966274,-40.07506964,0.33,13.5238285,1.26
-71.65971545,-40.07509097,0.34,12.808191,1.3
-71.65977375,-40.07511461,0.28,12.80932,1.08
-71.65982962,-40.07513734,0.24,12.806884,0.94
-71.65988715,-40.07516081,0.22,13.518818,0.86
-71.65994828,-40.07518586,0.24,14.935561,0.94
-71.66001587,-40.07521364,0.29,14.220247,1.12
-71.66007303,-40.07523723,0.32,13.503106,1.23
-71.66013359,-40.0752623,0.31,14.214723,1.19
-71.66019327,-40.07528709,0.27,13.49467,1.04
-71.66025503,-40.07531285,0.24,14.198942,0.94
-71.66031554,-40.07533819,0.23,14.19459,0.9
-71.66037411,-40.07536274,0.21,13.507259,0.83
-71.66043656,-40.07538899,0.2,14.188494,0.79
-71.66049724,-40.07541477,0.21,13.432002,0.83
-71.66055356,-40.07543894,0.24,14.141847,0.94
-71.66061867,-40.07546696,0.24,13.426264,0.94
-71.6606636,-40.07548635,0.25,12.008883,0.97
-71.66072101,-40.07551115,0.23,13.419376,0.9
-71.6607814,-40.07553732,0.23,14.833284,0.9
-71.66084588,-40.07556531,0.22,14.124247,0.86
-71.66090099,-40.07558927,0.22,14.128341,0.86
-71.66097574,-40.0756218,0.27,14.831507,1.04
-71.6610288,-40.07564491,0.3,12.71625,1.15
-71.66108168,-40.07566794,0.34,12.720393,1.3
-71.66114033,-40.07569349,0.4,12.71991,1.52
-71.6611968,-40.07571807,0.43,13.430085,1.62
-71.66125798,-40.07574468,0.45,14.147706,1.7
-71.66132133,-40.07577222,0.42,13.438496,1.59
-71.66137106,-40.07579379,0.38,12.737342,1.44
-71.66142847,-40.07581866,0.35,13.450295,1.33
-71.66148679,-40.07584386,0.31,13.457796,1.19
-71.66154284,-40.07586804,0.28,13.476281,1.08
-71.66159785,-40.07589175,0.3,12.759175,1.15
-71.66165423,-40.07591604,0.32,13.45349,1.23
-71.66171055,-40.0759402,0.28,13.482447,1.08
-71.66177722,-40.07596856,0.23,14.235696,0.9
-71.66183847,-40.07599449,0.23,13.527859,0.9
-71.66188273,-40.07601318,0.22,12.11366,0.86
-71.66193934,-40.07603703,0.23,14.246895,0.9
-71.6620125,-40.07606774,0.23,14.961777,0.9
-71.66207622,-40.07609439,0.22,14.965222,0.86
-71.66213681,-40.07611967,0.24,14.252475,0.94
-71.66219997,-40.07614594,0.25,14.249508,0.97
-71.66226081,-40.07617116,0.27,13.539904,1.04
-71.66231186,-40.07619228,0.26,13.533151,1.01
-71.66237713,-40.0762192,0.32,14.240515,1.23
-71.66243886,-40.0762446,0.39,14.237202,1.48
-71.66250253,-40.07627072,0.27,14.937247,1.04
-71.66257319,-40.07629964,0.23,14.928576,0.9
-71.66262205,-40.07631961,0.24,12.7905245,0.94
-71.66267828,-40.07634254,0.25,13.492506,0.97
-71.66274138,-40.07636823,0.28,14.902483,1.08
-71.66281111,-40.07639659,0.29,15.598636,1.12
-71.66287156,-40.07642113,0.28,12.753625,1.08
-71.66292114,-40.07644127,0.28,13.462423,1.08
-71.66299439,-40.07647096,0.31,16.261208,1.19
-71.66306222,-40.07649834,0.33,15.515315,1.26
-71.66313207,-40.07652651,0.33,14.798212,1.26
-71.66318002,-40.07654585,0.32,12.68127,1.23
-71.663244,-40.07657166,0.28,14.777309,1.08
-71.66330948,-40.0765981,0.32,13.373397,1.23
-71.663356,-40.0766169,0.34,11.949085,1.3
-71.66339965,-40.07663455,0.37,11.243327,1.41
-71.66344901,-40.07665451,0.4,12.640306,1.52
-71.66353238,-40.0766883,0.39,16.145365,1.48
-71.66359045,-40.07671187,0.37,14.027932,1.41
-71.66364668,-40.07673474,0.38,13.323461,1.44
-71.66369986,-40.07675639,0.35,12.62012,1.33
-71.66375295,-40.07677804,0.31,11.916989,1.19
-71.66380125,-40.07679777,0.28,11.914792,1.08
-71.6638531,-40.076819,0.24,13.311112,0.94
-71.66392648,-40.07684913,0.22,16.115152,0.86
-71.66399348,-40.07687669,0.2,14.0104265,0.79
-71.66403634,-40.07689436,0.2,11.912661,0.79
-71.66409266,-40.07691764,0.21,14.011463,0.83
-71.66416539,-40.07694763,0.24,14.71252,0.94
-71.66422236,-40.07697123,0.26,13.315705,1.01
-71.66427028,-40.0769913,0.31,11.921477,1.19
-71.66432301,-40.07701356,0.38,13.321701,1.44
-71.6643804,-40.07703782,0.46,14.031996,1.73
-71.66444389,-40.07706467,0.41,14.033842,1.55
-71.66450659,-40.07709121,0.3,13.334904,1.15
-71.66456341,-40.07711527,0.24,13.341049,0.94
-71.66461716,-40.07713805,0.24,13.351533,0.94
-71.66467698,-40.0771634,0.29,13.358713,1.12
-71.66473101,-40.0771863,0.36,13.362072,1.37
-71.66478641,-40.07720975,0.32,14.071919,1.23
-71.66484995,-40.07723661,0.24,14.077997,0.94
-71.66491249,-40.07726304,0.23,13.382295,0.9
-71.66496753,-40.07728626,0.23,13.389287,0.9
-71.66502198,-40.07730921,0.23,13.3974495,0.9
-71.66508233,-40.07733459,0.21,14.111282,0.83
-71.6651534,-40.07736442,0.22,15.531122,0.86
-71.665221,-40.07739272,0.21,14.834362,0.83
-71.66527675,-40.07741603,0.21,14.1373625,0.83
-71.6653416,-40.07744307,0.23,14.149459,0.9
-71.66540341,-40.07746897,0.2,14.151238,0.79
-71.66546913,-40.0774964,0.23,14.160266,0.9
-71.66552222,-40.07751819,0.29,12.776054,1.12
-71.66558156,-40.07754226,0.29,13.484294,1.12
-71.66564542,-40.07756812,0.27,13.492534,1.04
-71.66569349,-40.07758759,0.3,12.081523,1.15
-71.66573386,-40.07760393,0.31,10.656049,1.19
-71.66578287,-40.07762377,0.33,12.076452,1.26
-71.66583964,-40.07764674,0.27,13.501487,1.04
-71.66590289,-40.07767234,0.23,14.922128,0.9
-71.66597671,-40.07770227,0.22,16.353586,0.86
-71.66604435,-40.07772975,0.23,14.924912,0.9
-71.66609349,-40.07774976,0.23,13.505537,0.9
-71.6661505,-40.07777302,0.23,14.220332,0.9
-71.66622053,-40.07780168,0.27,15.633199,1.04
-71.66629583,-40.07783261,0.27,15.6320095,1.04
-71.66635924,-40.07785875,0.29,14.207207,1.12
-71.666415,-40.07788182,0.31,12.7825165,1.19
-71.6664695,-40.07790447,0.34,13.492087,1.3
-71.66654015,-40.07793396,0.34,15.613738,1.3
-71.66660316,-40.07796036,0.33,14.189424,1.26
-71.66666626,-40.07798669,0.31,14.903431,1.19
-71.66673268,-40.0780146,0.3,13.472252,1.15
-71.66677599,-40.07803317,0.31,12.031919,1.19
-71.66682658,-40.07805514,0.29,12.739566,1.12
-71.66688698,-40.07808145,0.27,13.443039,1.04
-71.66694675,-40.07810757,0.28,14.140809,1.08
-71.6670119,-40.07813611,0.27,13.431259,1.04
-71.66706803,-40.07816075,0.25,14.841081,0.97
-71.66713727,-40.07819117,0.26,14.83743,1.01
-71.66719166,-40.07821509,0.25,14.1299925,0.97
-71.66725698,-40.07824382,0.26,14.130541,1.01
-71.66731436,-40.07826906,0.28,12.714544,1.08
-71.66736651,-40.078292,0.36,12.008503,1.37
-71.66741698,-40.07831418,0.46,12.714301,1.73
-71.66748389,-40.0783435,0.45,14.828242,1.7
-71.66755063,-40.07837266,0.4,15.537213,1.52
-71.66761352,-40.07840007,0.35,14.126393,1.33
-71.66767488,-40.07842674,0.35,13.418649,1.33
-71.66772892,-40.07845018,0.38,14.1334915,1.44
-71.66779412,-40.07847833,0.48,13.4286375,1.81
-71.66784874,-40.07850179,0.51,13.424615,1.91
-71.66790186,-40.07852459,0.41,12.72119,1.55
-71.66795997,-40.0785495,0.33,13.432074,1.26
-71.66802401,-40.0785766,0.31,15.559445,1.19
-71.66809442,-40.07860585,0.27,14.8606415,1.04
-71.66815233,-40.07862978,0.22,14.152395,0.86
-71.66821857,-40.07865704,0.22,14.159697,0.86
-71.66827304,-40.07867937,0.22,12.744656,0.86
-71.66832519,-40.07870066,0.26,12.748538,1.01
-71.66838393,-40.07872456,0.31,12.044592,1.19
-71.66843808,-40.07874652,0.31,13.466229,1.19
-71.66850487,-40.07877352,0.26,15.593786,1.01
-71.66857709,-40.07880262,0.22,14.893019,0.86
-71.66862854,-40.07882329,0.22,13.479119,0.86
-71.66868519,-40.07884601,0.23,14.1882,0.9
-71.66875166,-40.07887264,0.22,14.191882,0.86
-71.66881487,-40.07889794,0.22,14.195551,0.86
-71.66887536,-40.07892212,0.24,13.488025,0.94
-71.6689284,-40.0789433,0.24,13.491503,0.94
-71.66899299,-40.0789691,0.2,14.205624,0.79
